,name,last_season_end_rating,new_season_start_rating
0,Abril Bustamante,92.4303500391538,28.0
1,Nicole McNamara,86.1135562147035,27.0
2,Megan McNamara,86.1135562147035,27.0
3,Tina Graudina,85.52833489294359,27.0
4,Victoria Paranagua,84.86993899988808,27.0
5,Ka'iwi Schucht,84.23751527416164,27.0
6,Emily Maglio,84.23751527416164,27.0
7,Kristen Nuss,81.19130389005646,27.0
8,Claire Coppola,81.19130389005646,27.0
9,Sasha Karelov,79.92898851148391,27.0
10,Vanessa Freire,77.78122536838717,27.0
11,Nele Barber,77.42271663171068,27.0
12,Kaylie Mchugh,77.35382247810593,27.0
13,Madeline Mertz,77.35382247810593,27.0
14,Sarah Sponcil,76.8066100133845,27.0
15,Corinne Quiggle,76.54549164430772,27.0
16,Sunny Villapando,76.49140793636484,27.0
17,Katie Smith,76.296541124782,27.0
18,Lily Justine,74.80661001338449,27.0
19,Morgan Martin,74.69453990845882,27.0
20,Deahna Kraft,74.54549164430763,27.0
21,Katie Horton,74.50166622863102,27.0
22,Rachel Nieto,73.64232858049635,27.0
23,Teegan Van Gunst,73.62427063612556,27.0
24,Lea Monkhouse,73.49306234902711,27.0
25,Sammy Slater,73.32221359107479,27.0
26,Hailey Luke,73.23522095837858,27.0
27,Federica Frasca,73.18867624886937,27.0
28,Margherita Bianchin,73.18867624886937,27.0
29,Mima Mirkovic,72.61630147566557,27.0
30,Madalyn Roh,72.54550764576052,27.0
31,Annika Van Gunst,72.47881432554969,27.0
32,Aeriel Horton,72.29232420518505,27.0
33,Jessica Wooten,72.29232420518505,27.0
34,Terese Cannon,71.36208943240604,25.0
35,Brook Bauer,70.54550764576047,25.0
36,Adore Anae,70.49092447978734,25.0
37,Dani Barton,70.49092447978734,25.0
38,Alexia Inman,69.6715325910978,25.0
39,Torrey Van Winden,69.58768288323243,25.0
40,Tia Miric,69.58768288323243,25.0
41,Emily Sonny,69.55877585218228,25.0
42,Ali Denney,68.69760192967698,25.0
43,Shannon Williams,68.69760192967698,25.0
44,Olivia Macdonald,68.12457246604,25.0
45,Natalie Anselmo,68.12457246603995,25.0
46,Payton Rund,68.04029850962506,25.0
47,Carly Kan,67.45321674494866,25.0
48,Kimmy Gardiner,67.24756224141518,25.0
49,Jordan Anderson,67.24756224141518,25.0
50,Sammee Thomas,66.65841147862814,25.0
51,Darby Dunn,66.65841147862814,25.0
52,Sam Manley,66.39431837102529,25.0
53,Jessica Gaffney,66.31432645354683,25.0
54,Laurel Weaver,66.05063283058175,25.0
55,Morgan Hughes,66.04029850962509,25.0
56,Savannah Slattery,65.52604585851648,25.0
57,Cadie Bates,65.47804086127739,25.0
58,Morgan Hentz,65.09141520123435,25.0
59,Amelia Smith,65.09141520123435,25.0
60,Haleigh Nelson,64.891249094159,25.0
61,Megan Kruidhof,64.88177397818546,25.0
62,Courtney Schwan,64.87364355726757,25.0
63,Destiny Julye,64.52322012858274,25.0
64,Sara Putt,64.4778598631755,25.0
65,Nicole Lott,64.45942269739646,25.0
66,Maddy Kline,64.45942269739646,25.0
67,Tiffany Creamer,64.26158258643508,25.0
68,McKayla Ferris,64.04696157268724,25.0
69,Devon May,63.99080361095125,25.0
70,Hannah Towne,63.654175532655216,25.0
71,Brooke Weiner,63.43076248748205,25.0
72,Courtney Bowen,63.36739584086014,25.0
73,Molly Turner,63.30196506165988,25.0
74,Kenley Adams,63.2936402479887,25.0
75,Iya Lindahl,63.229312020717735,25.0
76,Cassie House,63.097568232272764,25.0
77,Haven Hill,63.097568232272764,25.0
78,Haley Hallgren,63.04921108123021,25.0
79,Macy Jerger,62.805703327459476,25.0
80,Lindsey Knudsen,62.323854662591565,25.0
81,Sara Kovac,62.06075497489773,25.0
82,Jessie Prichard,61.941929170872505,25.0
83,Taylor Nelson,61.790176299202884,25.0
84,Carly Perales,61.407238288197014,25.0
85,Sunniva Helland-Hansen,61.40723828819691,25.0
86,Savvy Simo,60.7831720607993,25.0
87,Emily Bible,60.32385466259157,25.0
88,Amanda Silva,60.28755320258038,25.0
89,Carly Scarborough,59.95367029325593,25.0
90,Tarin Mergener,59.296611752229516,25.0
91,Hunter Domanski,59.22384771378158,25.0
92,Lan Nguyen,58.993169820946676,25.0
93,Janell Walley,58.69650786935412,25.0
94,Sabryn Roberts,58.69650786935409,25.0
95,Jessalyn Kinlaw,58.54095803828602,25.0
96,Carly Dehoog,58.163121648609,25.0
97,Shayne Mcpherson,58.163121648609,25.0
98,Hayley Tippett,58.043331498527635,25.0
99,Megan Nash,58.043331498527635,25.0
100,Katja Ehlers,57.683391511553175,25.0
101,Carina Hoff,57.42322170212868,25.0
102,Courtney Miller,57.42322170212868,25.0
103,Gigi Hernandez,57.34980942173935,25.0
104,Heidi Dyer,57.34980942173935,25.0
105,Georgia Johnson,57.17733968243709,25.0
106,Karissa Rhoades,57.00053816411256,25.0
107,Amy Ozee,56.86327292319295,25.0
108,Ari Homayun,56.86327292319292,25.0
109,Lina Bernier,56.8448572828708,25.0
110,Dorina Klinger,56.715658745775514,25.0
111,Elise Zappia,56.713578045684926,25.0
112,Olivia Stasevich,56.661156305259645,25.0
113,Zana Muno,56.60310313861558,25.0
114,Gabrielle Dischler,56.540958038286014,25.0
115,Adlee Van Winden,56.13297393471036,25.0
116,Devon Rachel,55.944825653029454,25.0
117,Mackenzie Allen,55.8653274016391,25.0
118,Amanda Carroll,55.8653274016391,25.0
119,Chaney Howard,55.79539542260765,25.0
120,Taryn Griffey,55.79539542260765,25.0
121,Hailey Harward,55.78481424027658,25.0
122,Krissy Mummey,55.70220138508245,25.0
123,Mandi Orellana,55.62150574601588,25.0
124,Erika Zembyla,55.3245122000745,25.0
125,Kate Formico,55.1913651060542,25.0
126,Tori Hinojosa,55.141501100422396,25.0
127,Kayla Armer,55.141501100422396,25.0
128,Katie Sato,54.627863003027365,25.0
129,Aeryn Owens,54.627863003027336,25.0
130,Mia Rivera,54.37353438089524,25.0
131,Mckala Rhodes,54.20868922270301,25.0
132,Joy Dennis,53.882096388662845,25.0
133,Kacey Nady,53.83556159808068,25.0
134,Kristyna Adamcikova,53.68110437757827,25.0
135,Carly Schneider,53.66763463975989,25.0
136,Skylar Caputo,53.590776938752356,25.0
137,Alexis Filippone,53.590776938752335,25.0
138,Jillian Bergeson,53.3921876931025,25.0
139,Jaelyn Greene,53.3921876931025,25.0
140,Desiree Sukhov,53.05867649794704,25.0
141,Melissa Powell,53.00141745864033,25.0
142,Erica Brok,52.933661375501266,25.0
143,Victoria Corcoran,52.91625274621025,25.0
144,Rachel Kuhn,52.88039335323254,25.0
145,Hailey Devlin,52.6151991317283,25.0
146,Francesca Goncalves,52.53748142991324,25.0
147,Olivia Powers,52.485245897627465,25.0
148,Molly Scheel,52.36785660814537,25.0
149,Brooke Kuhlman,51.93447319095723,25.0
150,Kwyn Johnson,51.889702364598826,25.0
151,Stephany Purdue,51.755272089998144,25.0
152,Emily Hansen,51.705279849877,25.0
153,Sydney Haynes,51.705279849877,25.0
154,Anna Chin,51.61565221785194,25.0
155,Julia Mannisto,51.58224832429052,25.0
156,Morgan Dees,51.497138120934,25.0
157,Roni Long,51.3544399445944,25.0
158,Avei Logoleo,51.32149285860604,25.0
159,Rachel Noble,51.21935270888522,25.0
160,Nicci Reinking,51.06947825071248,25.0
161,Skylar Wine,51.000818987883044,25.0
162,Bryce Bark,50.942448145288495,25.0
163,Madison Dueck,50.942448145288495,25.0
164,Jenna Belton,50.918657844497694,25.0
165,Emmy Allen,50.78501978035113,25.0
166,Katie Friesen,50.77691365713815,25.0
167,Ellyson Lundberg,50.722394357472616,25.0
168,Molly McBain,50.61013260110266,25.0
169,Zoi Konstantopoulou,50.55450425726152,25.0
170,Emma Doud,50.49376599557648,25.0
171,Leah Perri,50.48110546849689,25.0
172,Macie Tendrich,50.48110546849689,25.0
173,Katherine Puisis,50.44277589227714,25.0
174,Tawnee Luafalemana,50.37699092686528,25.0
175,Raeann Greisen,50.35175260465755,25.0
176,Aleksandra Djuric,50.03022312483769,25.0
177,Giovanna Borgiotti,50.00858414591281,25.0
178,Ashley Glickert,50.00858414591281,25.0
179,Jessica Stansfield,49.834691904869835,25.0
180,Kathryn Plummer,49.76547995995629,25.0
181,Katelyn Carballo,49.76400787844633,25.0
182,Maddie Ligon,49.763504488488664,25.0
183,Selina Marolf,49.761786522576266,25.0
184,Abigail Devido,49.76178652257622,25.0
185,Leah Hardeman,49.62153516356353,25.0
186,Halle Hunt,49.47831795338815,25.0
187,Sarah Garrow,49.4063067527363,25.0
188,Gracie Garanich,49.40538734294976,25.0
189,Kennedy Madison,49.345813916492475,25.0
190,Riana Brennan,49.34581391649243,25.0
191,JM Lewandowski,49.231465157281384,25.0
192,Izzy Carey,49.22712472930604,25.0
193,Megan Muret,49.22712472930604,25.0
194,Alex Holt,49.118757699834326,25.0
195,Katrin Gotterba,49.118757699834326,25.0
196,Maddie Irwin,49.07111914827993,25.0
197,Erin Martin,49.07111914827993,25.0
198,Mackenzie Morris,49.00374956063513,25.0
199,Jonny Baham,48.89153691641226,25.0
200,Olivia Hallaran,48.85908395287081,25.0
201,Anna Crabtree,48.8360035794495,25.0
202,Katie Krawczyk,48.73169009373704,25.0
203,Nandyala Gama,48.6922543138737,25.0
204,Jensyn Bledsoe,48.67930878305835,25.0
205,Megan Davenport,48.66202255937856,25.0
206,Kiley Lewis,48.548640993194844,25.0
207,Veronica Corcoran,48.515092744423946,25.0
208,Lauren Orlich,48.512615801773805,25.0
209,Jessica Martinez,48.38332548014688,25.0
210,Lyndi Scholl,48.325286374491945,25.0
211,Anabela Sataric,48.111010824768236,25.0
212,Cara Sander,48.04443283626818,25.0
213,Mac May,48.00154187654905,25.0
214,Caroline Schafer,47.91131128635553,25.0
215,Sarah Chase,47.6351346100189,25.0
216,Mary Hernandez,47.6351346100189,25.0
217,Maddie Micheletti,47.39313835823895,25.0
218,Rachel Young,47.35804202988684,25.0
219,Madison Green,47.35804202988684,25.0
220,Anete Brinke,47.172740685189225,25.0
221,Eastyn Baleto,47.090383834906056,25.0
222,Hannah Zalopany,47.04030029947864,25.0
223,Taija Thomas,46.977037545372816,25.0
224,Catherine Raquel,46.906859248293586,25.0
225,Madi Yeomans,46.90445962592237,25.0
226,Katie Pyles,46.814882280427106,25.0
227,Cammie Dorn,46.766893066595195,25.0
228,Taylor Jarzombek,46.606657559238684,25.0
229,Samantha Harris,46.49421023956801,25.0
230,Brooke Burling,46.34377405364882,25.0
231,Kayla Gallant,46.19606730887732,25.0
232,Veronica Nederend,46.16641139576039,25.0
233,Grace Campbell,46.01976963495246,25.0
234,Amber Gibson,45.8737244418167,25.0
235,Katie McCullough,45.854768480090975,25.0
236,Rebecca Brown,45.82808415034679,25.0
237,Catherine Griffith,45.82808415034679,25.0
238,Sophie Peel,45.744023338145425,25.0
239,Kacy Ogden,45.744023338145425,25.0
240,Grace Convey,45.59905300297831,25.0
241,Bella Baumann,45.582491745661905,25.0
242,Mia Merino,45.57871723083203,25.0
243,Sarah Davis,45.53575450073487,25.0
244,Eva Torruella,45.51300410727575,25.0
245,Maile Sellers,45.501233205235344,25.0
246,Annika Albrecht,45.40946977548031,25.0
247,Brynn Montgomery,45.390660534617815,25.0
248,Makenna Martin,45.30698783539613,25.0
249,Amie Held,45.12937123848242,25.0
250,Gabby Love,45.007692173954645,25.0
251,Brooke Sassin,44.85940974534673,25.0
252,Ashley Delgado,44.85911390346907,25.0
253,Lauren Twitty,44.81693472308995,25.0
254,Anna Dalla Vecchia,44.78648882117879,25.0
255,Julia Topor,44.78648882117879,25.0
256,Allison Beckman,44.720246824905594,25.0
257,Lauren Freed,44.720246824905594,25.0
258,Marisa Ramsey,44.349425094768456,25.0
259,Hannah Matt,44.349425094768456,25.0
260,Brindl Langley,44.310388125843446,25.0
261,Paige Dreeuws,44.28120376221174,25.0
262,Ashley Allmer,44.07190192024454,25.0
263,Nikki Lyons,44.0488498510109,25.0
264,Veronica Snelling,43.99392223964145,25.0
265,Taylor Fricano,43.99392223964145,25.0
266,Mackenzie Swan,43.97575394416285,25.0
267,Hannah Hubbard,43.83368278388205,25.0
268,Jordan Westendorf,43.777576707825354,25.0
269,Kristine Hjembo,43.75230000735769,25.0
270,Colene Hamilton,43.75230000735769,25.0
271,Lauren Durham,43.73744754584061,25.0
272,Andie Shelton,43.622145398506824,25.0
273,Lauren Stivrins,43.59556263417272,25.0
274,Kennedy Kurtz,43.57678829387991,25.0
275,Macy Gordon,43.44905454244074,25.0
276,Lindsey Calvin,43.39080289297714,25.0
277,Nickeisha Williams,43.366771828286375,25.0
278,Kristey Markle,43.36677182828635,25.0
279,Mikaela Nocetti,43.28952276773855,25.0
280,Chloe Crappell,43.262131490457975,25.0
281,Jessica Clark,43.227709288360806,25.0
282,Aly Brinkley,43.14074342044286,25.0
283,Savannah Siegrist,43.07558036479854,25.0
284,Payton Chang,43.010018757341896,25.0
285,Addison Hermstad,42.942484025406394,25.0
286,Rio Frohoff,42.89074823473686,25.0
287,Callie Workman,42.72746013683966,25.0
288,Emily Martinez,42.71694638386194,25.0
289,Tressa Buckland,42.529102429830594,25.0
290,Tani Stephens,42.45101501087046,25.0
291,Cali Thompson,42.45101501087045,25.0
292,Mariana Dal Pozzo,42.442124262157776,25.0
293,Kate Novack,42.419182902151576,25.0
294,Kelly Hunter,42.4006915318557,25.0
295,Hannah Rogers,42.291849193099836,25.0
296,Haley Howell,42.241028052520555,25.0
297,Carly Lowry,42.24102805252055,25.0
298,Katie Sarber,42.168187691386684,25.0
299,Cecily Gable,41.8948323351907,25.0
300,Ginny Gerig,41.894832335190685,25.0
301,Natalia Giron,41.787433446885,25.0
302,Estefanie Bethancourt,41.787433446885,25.0
303,Briannah Mariner,41.75586649300733,25.0
304,Jamie Walsh,41.46024128190755,25.0
305,Natalie Robinson,41.411787048048275,25.0
306,Stephanie Pollnow,41.364839019548995,25.0
307,Caitlin Keefe,41.35041528785994,25.0
308,Jensen Allen,41.2767957898994,25.0
309,Erica Ronda,41.24219396597399,25.0
310,Alexandra Poletto,41.08057185731473,25.0
311,Aleksandra Djordjevic,41.08056971058813,25.0
312,Raquel Rooney,41.014681465537144,25.0
313,Maddie Dilfer,40.91819414339149,25.0
314,Madison Besterfield,40.793031751723355,25.0
315,Nicole DeBolt,40.7626347374739,25.0
316,Madilyn McCarty,40.7626347374739,25.0
317,Maycie LaBass,40.662907987788,25.0
318,Ciara Reistad,40.62539420385068,25.0
319,Julia Golbeck,40.62539420385068,25.0
320,Maja Kaiser,40.5393218601094,25.0
321,Kelsey Knudsen,40.44987140598594,25.0
322,Lana Brown,40.31630803826544,25.0
323,Brittany Pase,40.30429754600083,25.0
324,Katie Will,40.17357755633164,25.0
325,Yasmin Tan,40.02977531920485,25.0
326,Logan Manusky,39.99474231946249,25.0
327,Kara Woodard,39.95317429694263,25.0
328,Snowy Burnam,39.9349225670305,25.0
329,Kayla Whetstone,39.9349225670305,25.0
330,Kara Bajema,39.69269096494794,25.0
331,Erin Bognar,39.67214964287998,25.0
332,Samantha Plaster,39.6470554272252,25.0
333,Kenzie Maloney,39.632743320278514,25.0
334,Maddie Leiphardt,39.62871578606543,25.0
335,Bailey Banks,39.57432220988236,25.0
336,Katya Silveira,39.57432220988234,25.0
337,Tanner Gauthier,39.56808435969911,25.0
338,Hanne De Schrijver,39.46760225163512,25.0
339,Kate Baldwin,39.426388655982606,25.0
340,Taylor Foley,39.380760466340504,25.0
341,Sydney Palmer,39.237851228091515,25.0
342,Riley Young,39.20858810520351,25.0
343,Kelli Iverson,39.07234534284352,25.0
344,Bailey Choy,39.05853513620579,25.0
345,Cierra Flood,38.97692357800177,25.0
346,Katie Cross,38.97692357800174,25.0
347,Kaila Dorish,38.955220718714635,25.0
348,Katrina Kernochan,38.87578801435462,25.0
349,Frances Giedraitis,38.84638300259814,25.0
350,Lydia Dimke,38.767100753880854,25.0
351,Julie Varga,38.707100150478304,25.0
352,Gabbi Moreno,38.639208242275856,25.0
353,Hi'ilawe Huddleston,38.546603843409436,25.0
354,Mia Mason,38.33827670168469,25.0
355,Alexa Richardson,38.25102777219976,25.0
356,Dora Lulic,38.156725389302494,25.0
357,Carla Cahill,38.15672538930247,25.0
358,Blake Sharp,38.14392046238411,25.0
359,Sallianne Napolitano,38.14250526825167,25.0
360,Mallory Mattingly,38.13298363569326,25.0
361,Bozena Culo,38.10252226951159,25.0
362,Delaney Driver,38.099306197336105,25.0
363,Nicole Navarro,38.04780973318322,25.0
364,Claire Newlander,37.97904741203594,25.0
365,Julia Lewkowicz,37.96836929032982,25.0
366,Heather Pembroke,37.87141224701253,25.0
367,Carey Williams,37.74622701440413,25.0
368,Taylor Poncetta,37.662119351869826,25.0
369,Elli Merchant,37.648890734032044,25.0
370,Kellie Pernula,37.639572055751636,25.0
371,Katie Barker,37.56456424244207,25.0
372,Morgan Robinson,37.56456424244207,25.0
373,Rebecca Ingram,37.5312497409353,25.0
374,Kaitlyn Grice,37.5059728872542,25.0
375,MC Rogers,37.47272637627525,25.0
376,Sadie Anderson,37.429622273862876,25.0
377,Hannah Kirk,37.418638328337416,25.0
378,Brianna Vega,37.20232940270724,25.0
379,Avery Arellano,37.186641261390164,25.0
380,Kimberly Schnars,37.102337132601726,25.0
381,Jordan Schumacher,37.101964130123925,25.0
382,Brennan Miller,37.09431639440493,25.0
383,Haley Jared,37.03029280700619,25.0
384,Jo Kremer,36.957975311394485,25.0
385,Meagan McCall,36.93970271431384,25.0
386,Elli Gibson,36.91032218639903,25.0
387,Allie Elson,36.90034805857215,25.0
388,Katinka Krahn,36.815189780950256,25.0
389,Emily Reinking,36.755406150712695,25.0
390,Quinci Birker,36.71292783558576,25.0
391,Jaymee-Lee Bulda,36.67875301018049,25.0
392,Chloe Reinig,36.57242918662638,25.0
393,Taylor Agost,36.56353911765765,25.0
394,Lindsey Vander Weide,36.553274569322234,25.0
395,Kristen Castellanos,36.518105815239124,25.0
396,Cierra Simpson,36.518105815239124,25.0
397,Natalie Braun,36.429819584177196,25.0
398,Gabriella Becerra,36.386583432812174,25.0
399,Kaylee McClure,36.30706081101686,25.0
400,Lauren McMurray,36.296711704059405,25.0
401,Kinga Windisch,36.272447733599286,25.0
402,Mariana De Paula Silva,36.25798596048219,25.0
403,Natalie Honzovicova,36.22239296382175,25.0
404,Kristen Mead,36.02091928167841,25.0
405,Berkeley Oblad,35.97221726333259,25.0
406,Madi Wilkerson,35.93136322626954,25.0
407,Camille Araujo,35.87998183734876,25.0
408,Luiza Andrade,35.859371537721586,25.0
409,Mattie Johnson,35.81997690706638,25.0
410,Autumn Russell,35.73561667216552,25.0
411,Madison Fitzpatrick,35.665477189140546,25.0
412,Mattison Degarmo,35.65219417770167,25.0
413,Emily Lopes,35.652194177701666,25.0
414,Hailey Lindberg,35.649247391923424,25.0
415,Laura Gauta,35.61877534083781,25.0
416,Sienna Young,35.570644643251676,25.0
417,Marina Chavez,35.55073327711846,25.0
418,Kali Fluke,35.53009320574027,25.0
419,Aubrey Ezell,35.490745840593554,25.0
420,Jenna Panning,35.403251723709445,25.0
421,Jessica Johnson,35.39949398668312,25.0
422,Laura Parts,35.32529438246183,25.0
423,Shayla Schmidt,35.28865046540359,25.0
424,Mallory Waggoner,35.191496993407455,25.0
425,Morgan Kendrick,35.171019220458184,25.0
426,Madi Fitzsimmons,35.050603256762635,25.0
427,Sarah Kelly,34.935229850734615,25.0
428,Lilly Kessler,34.836090843504536,25.0
429,Carolyn Cain,34.7773735863789,25.0
430,Caroline Cordes,34.736192189627104,25.0
431,Caroline Skaff,34.68126915602359,25.0
432,Alexis Patterson,34.66979285645985,25.0
433,Alaina Chacon,34.641917519550326,25.0
434,Eden Hawes,34.490276494690754,25.0
435,Jaime Thomas,34.44807428524185,25.0
436,Lauren Petersen,34.320505725165,25.0
437,Kaylie Milton,34.22438597734496,25.0
438,Cristina Finan,33.93902562044278,25.0
439,Blessings Dunn,33.914149620955676,25.0
440,Ashley McGinn,33.79924118023343,25.0
441,Jacey Smith,33.77984755748913,25.0
442,Kendall Bosse,33.77984755748913,25.0
443,Allyssah Fitterer,33.60015155327328,25.0
444,August Raskie,33.594456348214536,25.0
445,Jamie Stivers,33.465842246102284,25.0
446,Tatum Ballard,33.41735923961138,25.0
447,Kenzie Koerber,33.40984860306531,25.0
448,Macey Hayden,33.36684723823493,25.0
449,Josie Cole,33.32832527134271,25.0
450,Ryann Thomison,33.23493461274119,25.0
451,Skyler Takeda,33.12686496921688,25.0
452,Chandler Clark,33.035790096627316,25.0
453,Sara Boothe,33.02126448730997,25.0
454,Hannah Edelman,33.0200370551182,25.0
455,Tessie Powers,33.01600643653159,25.0
456,Eighmy Dobbins,32.96095108552552,25.0
457,Shannon Richardson,32.943196921161025,25.0
458,Summer Avery,32.94028745265777,25.0
459,Katelyn Theiss,32.91121837707094,25.0
460,Megan McGrath,32.89278047390363,25.0
461,Casey Justice,32.834066336424016,25.0
462,Kristy Wieser,32.81645546228099,25.0
463,Candice Denny,32.800210841653346,25.0
464,Brooke Moore,32.6885248381704,25.0
465,Hailey Hughes,32.62328976157912,25.0
466,Lauren Conati,32.55953167879304,25.0
467,Nicolette Pinkney,32.55953167879304,25.0
468,Haley Turner,32.48458308145766,25.0
469,Brittany Pellitteri,32.478159917238244,25.0
470,Ashley Bauchert,32.30416152036072,25.0
471,Sarah Savoca,32.29483531891332,25.0
472,Kelsey Larsen,32.17123697172107,25.0
473,Ali Eager,32.02040859754615,25.0
474,Kyla Augustine,31.851856524639004,25.0
475,Thaliana Grajeda,31.67058623791816,25.0
476,Sami Slaughter,31.57407865641418,25.0
477,Breann Robinson,31.481536095430155,25.0
478,Katelyn Mueller,31.465385225384757,25.0
479,Taylor Meyer,31.452054760708393,25.0
480,Emily Hardesty,31.297582223011613,25.0
481,Mackenzie Dear,31.25013591167867,25.0
482,Shelby Holmes,31.250135911678658,25.0
483,Kylie Keeling,31.245750583803314,25.0
484,Erin Byrne,31.22947866371262,25.0
485,Brayden Gruenewald,31.116571337000334,25.0
486,Jamie Hirai,31.081803246227405,25.0
487,Kekai Whitford,31.063889883982494,25.0
488,Franky Harrison,31.058432953289817,25.0
489,Nicole Grant,30.999812837061196,25.0
490,Courtney Mullinax,30.965196803424345,25.0
491,Paige Swinney,30.95662951316794,25.0
492,Maya Daukas,30.94005187319118,25.0
493,Julia Hanson,30.911870452950243,25.0
494,Madi Relaz,30.880906377641818,25.0
495,Katie Gavin,30.776147471667922,25.0
496,Jazz Sweat,30.62933661768497,25.0
497,Demi McInnis,30.627584398659696,25.0
498,Ngozi Nwabuzoh,30.53916748289816,25.0
499,Allison Kantor,30.469840422616304,25.0
500,Jennifer Laird,30.42513555468666,25.0
501,Daniella Molinari,30.22629239188412,25.0
502,Ashley Slay,30.160136313538153,25.0
503,Taylor Bradley,30.071402975521607,25.0
504,Jess Vastine,30.065309756846887,25.0
505,Emma Calle,30.06280256313996,25.0
506,Shaylee Befus,29.9806220342272,25.0
507,Gina Tillis,29.931092925258593,25.0
508,Nikki Esposito,29.885373605067617,25.0
509,Brianna Sizemore,29.857441626637794,25.0
510,Kahlee York,29.82105961405636,25.0
511,Sabrina Blackwell,29.77121984148212,25.0
512,Naomi Overstreet,29.681899670934172,25.0
513,Avery Davis,29.681786667306888,25.0
514,Nora Buvarp Lavik,29.671346506877533,25.0
515,Emily Baptista,29.633813342421337,25.0
516,Chloe Luyties,29.449020798943877,25.0
517,Emma Kirst,29.42162684137492,25.0
518,Erin Indermill,29.3762073047286,25.0
519,Danielle Wheeler,29.3701607568882,25.0
520,Madison Miller,29.3255476302521,25.0
521,Willow Johnson,29.31872836333821,25.0
522,Lauren Page,29.31872836333821,25.0
523,Sam Brinkmann,29.273754043964995,25.0
524,Mikaela Mosquera,29.273754043964978,25.0
525,Kylee Johnson,29.231019767316326,25.0
526,Gretchen Reinert,29.156470833361517,25.0
527,Michelle Gajdka,29.148889232008674,25.0
528,Lauren Sproule,29.0944732942717,25.0
529,Maya Watkins,29.080611210293593,25.0
530,Holland Ponthieux,29.06814000062681,25.0
531,Charis Ludtke,28.87777633532423,25.0
532,Rhyan Rand,28.861411743602428,25.0
533,Rachel Evans,28.75823079438879,25.0
534,Erin Reineking,28.633255475649214,25.0
535,Olivia Lohmeier,28.540520769078483,25.0
536,Samantha Drechsel,28.51653400267502,25.0
537,Tatiana San Juan,28.488810810116345,25.0
538,Taylor Odom,28.462749288983424,25.0
539,Sjea Anderson,28.458322630298365,25.0
540,Olivia Lee,28.458322630298365,25.0
541,Chanti Holroyd,28.40148536975444,25.0
542,Abbey Wilson,28.335625850655024,25.0
543,Jamie McQuarrie,28.33254996283922,25.0
544,Hayley Sturgeon,28.27702033605863,25.0
545,Nicole Decker,28.19267429401405,25.0
546,Carly Beddingfield,28.10990772444428,25.0
547,Kaitlyn Lines,28.088696979318364,25.0
548,Jordyn Miller,28.04067783269115,25.0
549,Claire Darland,28.00291499736167,25.0
550,Lela Mcintosh,27.999332029485632,25.0
551,Ashtin Olin,27.874299039976535,25.0
552,Kyra Hanawahine,27.796848239832624,25.0
553,Marine Hall-Poirier,27.796848239832624,25.0
554,Cianna Andrews,27.593308089454062,25.0
555,Kaitlynn Zdroik,27.324767204021985,25.0
556,Anna Unnasch,27.295344887167648,25.0
557,Allie Kemp,27.263867116389495,25.0
558,Maggie Scott,27.205626375477525,25.0
559,Ronika Stone,27.205626375477525,25.0
560,Mackenzie Walker,27.16572515824642,25.0
561,Caroline Finnell,27.00562196027006,25.0
562,Kat Anderson,26.946797426321233,25.0
563,Abby Waldburger,26.92526266801612,25.0
564,Blaire Register,26.88857404978315,25.0
565,Kaylee Taff,26.878813125452577,25.0
566,Annie Pringle,26.858671677631566,25.0
567,Christina Mcafee,26.850236051450903,25.0
568,Brittany Velez,26.819364283176412,25.0
569,Jenna Krenek,26.81611469747879,25.0
570,Kyla Manning,26.710335990421736,25.0
571,Meagan Carter,26.7041075096624,25.0
572,Hannah Meadows,26.638935000414907,25.0
573,Shawnee De Oliveira,26.52389751851273,25.0
574,Emilee Wissmach,26.4570415573275,25.0
575,Autumn Otto,26.378209367588585,25.0
576,Bethany Randall,26.350467821400354,25.0
577,Ally Carr,26.350377598513198,25.0
578,Maddie Gordon,26.290131556371104,25.0
579,Brianna Doehrmann,26.261197496179808,25.0
580,Sierra Ellett,26.25739528639427,25.0
581,Lainy Thomas,26.253682563379805,25.0
582,Kendall Murr,26.199642986441415,25.0
583,Rebekah Brodbeck,26.087801904245577,25.0
584,Jessica Manley,26.079892395766695,25.0
585,Alexa Van Komen,26.03531390662968,25.0
586,Kaitlan Krivdo,25.981894139081938,25.0
587,Nina Korfhage,25.96025380816308,25.0
588,Chloe Newton,25.899525424086185,25.0
589,Ashlyn Fleming,25.86995333563791,25.0
590,Alanya Ryan,25.806561605759892,25.0
591,Sara Watanabe,25.79899148606097,25.0
592,Mikayla Vivens,25.721284974453884,25.0
593,Liz Allen,25.62792648194922,25.0
594,Jessie Wachtman,25.62792648194922,25.0
595,Dora Beilin,25.603981164103647,25.0
596,Maxine Walsh,25.580006846590702,25.0
597,Lynsey Wright,25.551438331729265,25.0
598,Ivy Reynolds,25.551438331729265,25.0
599,Shelby Ladewig,25.490122403204055,25.0
600,Shelby Babowicz,25.4446163780211,25.0
601,Gabriella Johnston,25.41930057676701,25.0
602,Emily Nenninger,25.36117647527164,25.0
603,Phoebe Grace,25.129379062479092,25.0
604,Anna McCreadie,25.09787598284657,25.0
605,Kim Krutsinger,25.08743678840324,25.0
606,Brie Gathright,25.067373405584508,25.0
607,Cassidy Rosso,25.060366389417016,25.0
608,Aubrey Cheffey,24.91172556338321,25.0
609,Jordan Ferrari,24.876685808590718,25.0
610,Kendyl Brennan,24.7045262784547,25.0
611,Kennedy Shelstead,24.598666967426116,25.0
612,Courtney VanLiew,24.57595009091315,25.0
613,Anezka Szabo,24.570479278217153,25.0
614,Mercedes Pacheco,24.446368327968287,25.0
615,Kayla Walker,24.381702890812008,25.0
616,Chloe Stitt,24.172141384285315,25.0
617,Kassidy Naone,24.11188850083965,25.0
618,Kenna Hanses,24.034126755657798,25.0
619,Chloe Simon,23.947648077902272,25.0
620,Fernanda Vido,23.90292338807611,25.0
621,Liz Reich,23.73675656472225,25.0
622,Brooke Riley,23.730404217249294,25.0
623,Lauren Walker,23.730404217249294,25.0
624,Skye Southwick,23.614089779902898,25.0
625,Bailey Smith,23.594344764522482,25.0
626,Halle Parker,23.556345601372957,25.0
627,Amy Weiss,23.527164141897003,25.0
628,Forfeit 2,23.442508925274883,25.0
629,Forfeit 2,19.31606708753442,25.0
630,Forfeit 1,23.442508925274883,25.0
631,Forfeit 1,19.31606708753442,25.0
632,Grace Jarnagin,23.437460673614943,25.0
633,Alyssa Cecil,23.387271515605235,25.0
634,Karlee Reynolds,23.387271515605235,25.0
635,Alex Kells,23.299331295890536,25.0
636,Ashley Clingan,23.292185183811196,25.0
637,Brigitte Murdock,23.24723900627692,25.0
638,Lexi Ham,23.246069043924035,25.0
639,Jasmine Schmidt,23.089926228378417,25.0
640,Kayla Long,22.963504499642532,25.0
641,Caroline Waite,22.936070584669316,25.0
642,Jordan Terral,22.84025327531724,25.0
643,Ashlan Cunningham,22.814130694994553,25.0
644,Claire Doyle,22.772523782768623,25.0
645,Sarah Demmer,22.765559151838332,25.0
646,Briana Correa,22.671498991550948,25.0
647,Allie Havers,22.663815457808802,25.0
648,Drew Hanneman,22.612278329201065,25.0
649,Cassedi Simon,22.612278329201065,25.0
650,Hannah Sorensen,22.57844411748479,25.0
651,Chesney McClellan,22.531844261194088,25.0
652,Marissa Rogers,22.464510368979344,25.0
653,Kaity Bailey,22.4174405747904,25.0
654,Olivia Rook,22.181143079467358,25.0
655,Hayley Densberger,22.111918323568457,25.0
656,Reagan Evans,21.899303492730304,25.0
657,Brittany Gillingham,21.8571367118875,25.0
658,Laura Leap,21.714407184101336,25.0
659,Sam Gott,21.446711607641603,25.0
660,Ally Barber,21.309025868167186,25.0
661,Helene Thelle,21.265787956130815,25.0
662,Pi'ikea Clemens,21.24936416138082,25.0
663,Peri Green,21.188991108338676,25.0
664,Peyton Boutwell,21.093129601602943,25.0
665,Bethany Salapek,21.039652286759377,25.0
666,Krista Hernandez,20.78303954615025,25.0
667,Sam Bogdan,20.73232407630628,25.0
668,Olivia Petnicki,20.65062933321035,25.0
669,Maybeth Sandercox,20.621603188140952,25.0
670,Sarah Stewart,20.60671514371393,25.0
671,Jessica Hall,20.383342801357205,25.0
672,Maddie Beck,20.382907509149145,25.0
673,Morgan Esters,20.070177178387794,25.0
674,Mackenzie Rombach,20.042347693481563,25.0
675,Kayla Frear,19.53979919593839,25.0
676,Hannah Marchand,19.45773857890754,25.0
677,Lauren Naatz,19.39319746787063,25.0
678,Kalin Eske,19.198564567124663,25.0
679,Aristea Tontai,19.198564567124663,25.0
680,Haylie Beck,19.0743391373586,25.0
681,McKenzie Schwan,18.824939565720534,25.0
682,Lexie Rawls,18.775253684172927,25.0
683,Maddie Fella,18.739051891295055,25.0
684,Danielle McCarson,18.739051891295055,25.0
685,Kellie Hughes,18.686983707751445,25.0
686,Hannah Manzanares,18.68153032148118,25.0
687,McKenna Webster,18.63259848798229,25.0
688,Lauren Rokey,18.61815732360416,25.0
689,Shannon Levinson,18.550702635229587,25.0
690,Sydney Wicks,18.465521913722853,25.0
691,Makenzie Kesler,18.455634507393547,25.0
692,Trish Koutsoukos,18.421533022099727,25.0
693,Brooke Boiseau,17.710655439819647,25.0
694,Tori Reiser,17.683432931022523,25.0
695,Sarah Falk,17.466395234012314,25.0
696,Jordan Jones,17.00935315389051,25.0
697,Sofia Resendiz,16.795113185783013,25.0
698,Paris Cosley,16.547451633358268,25.0
699,Maddie Cloutier,14.359014857014373,25.0
