,division,college,first_name,last_name,mu,sigma
0,DI,Jacksonville,Forfeit,1,21.209349802913486,7.530336426925403
1,DI,Santa Clara,Forfeit,1,17.67840757369033,7.428001384953986
2,DI,Jacksonville,Forfeit,2,21.209349802913486,7.530336426925403
3,DI,Santa Clara,Forfeit,2,17.67840757369033,7.428001384953986
4,DI,Long Beach State,Kristyna,Adamcikova,36.75970971206413,3.6692054167434556
5,DI,UAB,Kenley,Adams,40.82505189093103,3.3681980551253274
6,DI,Oregon,Taylor,Agost,22.605400926417346,5.11254156501471
7,DI,Nebraska,Annika,Albrecht,33.49810170969256,4.435028396996578
8,DI,LSU,Emmy,Allen,34.36434601862876,2.5201552542985604
9,DI,Boise State,Jensen,Allen,31.045682138992397,4.677381573359764
10,DI,Morehead State,Liz,Allen,19.170630172507405,6.641433936949204
11,DI,FGCU,Mackenzie,Allen,36.05294035692216,3.8382267098243807
12,DI,LSU,Ashley,Allmer,36.37238366835706,5.385167997604852
13,DI,Utah,Adore,Anae,46.292643184123406,3.951189233257954
14,DI,Washington,Jordan,Anderson,43.50646012024342,3.2978126774518413
15,DI,Stanford,Kat,Anderson,22.830078829408038,3.872994779010886
16,DI,Jacksonville State,Sadie,Anderson,20.181345157351675,4.8671406241626975
17,DI,Cal Poly SLO,Sjea,Anderson,28.158322630298365,7.7743633497703355
18,DI,San Jose State University,Luiza,Andrade,23.185215363643085,3.6007443553541245
19,DI,"Cal State University, Sacramento",Cianna,Andrews,23.998064904616,5.681276116109762
20,DI,Arizona,Natalie,Anselmo,44.35946994434358,2.999010493254594
21,DI,USF,Camille,Araujo,23.826734768551212,3.859087643670197
22,DI,TCU,Avery,Arellano,27.669459234725775,3.292911261384079
23,DI,Houston Baptist,Kayla,Armer,34.07430187377636,3.07365249766506
24,DI,UNC Wilmington,Kyla,Augustine,30.203672077544724,7.026608747832495
25,DI,San Jose State University,Summer,Avery,27.31431586690886,4.788767468155758
26,DI,Jacksonville,Shelby,Babowicz,16.851472066255948,3.9225925475366266
27,DI,Arizona,Jonny,Baham,36.82610383205977,2.964145565933474
28,DI,Pepperdine,Kaity,Bailey,21.335039730421265,6.680956182383589
29,DI,Washington,Kara,Bajema,27.984507210942123,3.3636284823963765
30,DI,ASU,Kate,Baldwin,29.9337587076047,3.1574821813625977
31,DI,New Mexico,Eastyn,Baleto,30.799168505457946,3.7110817861129024
32,DI,LSU,Tatum,Ballard,30.982422882762556,7.27521913847221
33,DI,Houston Baptist,Bailey,Banks,26.955725145415972,3.2035072392081045
34,DI,Pacific,Emily,Baptista,22.04569782144037,4.074263382755816
35,DI,Cal State Bakersfield,Ally,Barber,14.081384452105015,4.364802539038016
36,DI,Long Beach State,Nele,Barber,51.017767711628494,3.04137762590272
37,DI,Cal,Bryce,Bark,32.93300033024774,2.7556083567325764
38,DI,Portland,Katie,Barker,25.081555204666753,4.710122960516718
39,DI,Utah,Dani,Barton,46.292643184123406,3.951189233257954
40,DI,South Carolina,Cadie,Bates,41.19629862510042,3.1002043444545473
41,DI,Georgia State,Ashley,Bauchert,27.19516687702181,5.511288822344081
42,DI,Pepperdine,Brook,Bauer,46.143886284659,2.9115942266506267
43,DI,Grand Canyon,Bella,Baumann,29.004073315841175,3.5663404851094302
44,DI,Saint Mary's,Madison,Baumann,25.0,8.333333333333334
45,DI,Tulane,Gabriella,Becerra,25.23605548371091,2.7798185952945067
46,DI,Coastal Carolina,Haylie,Beck,18.06732915526411,6.504211091503405
47,DI,Missouri State,Maddie,Beck,18.65472434076532,7.489952762705306
48,DI,College of Charleston,Allison,Beckman,31.565258767929784,3.1714612659504877
49,DI,New Mexico,Carly,Beddingfield,19.00022913098116,4.090776637115403
50,DI,Jacksonville,Shaylee,Befus,18.701785855984237,4.314930972555074
51,DI,Cal Poly SLO,Dora,Beilin,24.99964331067497,7.1957323074882575
52,DI,USC,Jenna,Belton,36.071979365448726,2.5846700386327197
53,DI,TCU,Jillian,Bergeson,32.32553744354694,2.939178584645586
54,DI,FIU,Lina,Bernier,33.404917906502504,3.065049475071668
55,DI,FIU,Madison,Besterfield,30.826003432720334,3.996866166092341
56,DI,FIU,Estefanie,Bethancourt,30.3973145616493,2.9633429647187217
57,DI,FIU,Margherita,Bianchin,47.81164079392593,3.2342727270217444
58,DI,Saint Mary's,Emily,Bible,36.68848664694646,3.208842357639224
59,DI,Stetson,Quinci,Birker,28.660932281205024,3.406108111870239
60,DI,USF,Sabrina,Blackwell,21.258904553641813,3.9459330749133814
61,DI,TCU,Jensyn,Bledsoe,30.366079502918975,3.0392838205027206
62,DI,Jacksonville State,Sam,Bogdan,16.552603484221713,6.332662370862103
63,DI,UAB,Erin,Bognar,22.962318082811258,3.6144098724269096
64,DI,Cal State Bakersfield,Brooke,Boiseau,18.364578320154898,6.916663806488228
65,DI,Coastal Carolina,Sara,Boothe,29.139736112344377,5.844322489988897
66,DI,FGCU,Giovanna,Borgiotti,34.094296815912884,3.8512752878563337
67,DI,Abilene Christian,Kendall,Bosse,19.714940309053567,4.841189378071879
68,DI,Abilene Christian,Peyton,Boutwell,20.49312960160294,7.408653219474769
69,DI,Stanford,Courtney,Bowen,41.69716828522456,3.048132336219704
70,DI,LSU,Taylor,Bradley,29.0666280389904,7.413495813180114
71,DI,ASU,Natalie,Braun,22.486058657846396,4.832909974873894
72,DI,Tulane,Kendyl,Brennan,23.771246493248434,6.906588871046925
73,DI,College of Charleston,Riana,Brennan,32.03695815889235,2.854145081300526
74,DI,Long Beach State,Anete,Brinke,31.504616265566707,4.2471152221816455
75,DI,Central Arkansas,Aly,Brinkley,25.686554929015536,3.9763125324331337
76,DI,Missouri State,Sam,Brinkmann,19.234467413066017,5.175677351671465
77,DI,Georgia State,Rebekah,Brodbeck,21.987214075523127,5.7404419311209915
78,DI,FAU,Erica,Brok,35.39716361848719,3.4709424009375556
79,DI,"Cal State University, Sacramento",Lana,Brown,24.298474400776197,4.602236486026084
80,DI,ULM,Rebecca,Brown,32.57660243977663,3.603909560696842
81,DI,UAB,Tressa,Buckland,29.881996900507648,3.516464948576163
82,DI,Boise State,Jaymee-Lee,Bulda,24.949559535629398,4.767908919641822
83,DI,Arizona,Brooke,Burling,33.34168468041043,2.9284056070047617
84,DI,FGCU,Snowy,Burnam,28.172708272159444,3.347260507171277
85,DI,USC,Abril,Bustamante,59.800488186867106,3.104487391604901
86,DI,USF,Nora,Buvarp Lavik,20.12388467543287,3.7866337704118016
87,DI,FIU,Erin,Byrne,29.466393592571773,6.386343965685898
88,DI,Coastal Carolina,Carla,Cahill,23.8844670158554,4.787275256949733
89,DI,UNF,Carolyn,Cain,28.5162296679387,4.254728953749262
90,DI,Washington,Emma,Calle,25.558384503587803,5.020639832530855
91,DI,Saint Mary's,Lindsey,Calvin,31.016887309235784,3.4158637675313246
92,DI,Cal,Grace,Campbell,35.46257707419202,3.417762844073747
93,DI,USC,Terese,Cannon,42.710327211733656,2.5403609298650376
94,DI,Pepperdine,Skylar,Caputo,39.23037388262837,3.4511322499994574
95,DI,ASU,Katelyn,Carballo,32.3846301572414,3.277906859791608
96,DI,UCLA,Izzy,Carey,37.91936772909428,2.7957513504696174
97,DI,New Orleans,Ally,Carr,19.267027880738958,4.352745734803946
98,DI,FGCU,Amanda,Carroll,36.052940356922186,3.8382267098243807
99,DI,Houston Baptist,Meagan,Carter,21.796667830719265,4.648784278891266
100,DI,LMU,Kristen,Castellanos,29.428375543137005,4.274852216575686
101,DI,Morehead State,Alyssa,Cecil,17.265857807302112,6.577343138241077
102,DI,Florida State,Alaina,Chacon,31.020286985339087,6.313137081598374
103,DI,Stanford,Payton,Chang,29.57091056329593,3.0317442151051477
104,DI,Saint Mary's,Sarah,Chase,31.64891414466915,3.1219438639572563
105,DI,Mercer,Marina,Chavez,27.529847912999497,3.6698798847113854
106,DI,Missouri State,Aubrey,Cheffey,18.310463716067446,6.513247850645945
107,DI,Tulane,Anna,Chin,31.53324040053407,2.5532561956300146
108,DI,Utah,Bailey,Choy,24.35775231921474,3.8681264532950514
109,DI,Morehead State,Chandler,Clark,29.997625329014696,7.494999514980421
110,DI,Grand Canyon,Jessica,Clark,31.277748281753897,3.2151811402807544
111,DI,USF,Pi'ikea,Clemens,15.473802488952247,4.934173853672239
112,DI,Jacksonville State,Ashley,Clingan,19.966742176380453,5.557202784827063
113,DI,Jacksonville State,Maddie,Cloutier,6.503653339337414,4.185375740527835
114,DI,Oregon,Josie,Cole,19.744986208694208,5.069447701834963
115,DI,Cal State Northridge,Lauren,Conati,25.418655047931818,4.256927765059624
116,DI,ULM,Grace,Convey,31.224097408805953,3.9947362345691233
117,DI,LSU,Claire,Coppola,53.14902311154546,2.8473022841075344
118,DI,New Orleans,Veronica,Corcoran,28.727101793413137,4.172720405330779
119,DI,New Orleans,Victoria,Corcoran,32.360461541497735,3.877490038852183
120,DI,Arizona,Caroline,Cordes,29.26642963990161,3.922916617859731
121,DI,Tulane,Briana,Correa,18.978598773552722,5.006747259241218
122,DI,Abilene Christian,Paris,Cosley,12.7409411371435,5.697873522192038
123,DI,Washington,Anna,Crabtree,33.4203399403603,3.222558332835334
124,DI,New Mexico,Chloe,Crappell,30.758947436727116,4.129277793821519
125,DI,Georgia State,Tiffany,Creamer,39.53625868867253,2.80754505162631
126,DI,ASU,Katie,Cross,27.129103926559047,3.1313523904072866
127,DI,LMU,Bozena,Culo,27.231185528357315,2.832504316180552
128,DI,FAU,Ashlan,Cunningham,20.65024299757416,5.990754640557419
129,DI,FIU,Mariana,Dal Pozzo,30.950476479444234,3.295617835399681
130,DI,USF,Anna,Dalla Vecchia,30.214508788221753,4.401743792814792
131,DI,Austin Peay State,Claire,Darland,20.639310287682964,5.7642603945663415
132,DI,Texas A&M Corpus Christi,Maya,Daukas,22.760731119177787,5.390768370757449
133,DI,LSU,Megan,Davenport,34.040264987378116,2.5718956421244683
134,DI,South Carolina,Avery,Davis,26.629773852620303,6.150735885796863
135,DI,"Cal State University, Sacramento",Sarah,Davis,29.027612657319477,4.239134274327872
136,DI,Cal State Northridge,Shawnee,De Oliveira,24.438265187245182,7.172919297635683
137,DI,FIU,Mariana,De Paula Silva,33.8232542882829,6.504241001709387
138,DI,Pacific,Hanne,De Schrijver,27.506763972964414,3.7808875240339628
139,DI,UNF,Nicole,DeBolt,29.857665354330233,3.4176761982578716
140,DI,Central Arkansas,Mackenzie,Dear,25.329464441596354,4.871372875269987
141,DI,LSU,Nicole,Decker,27.569876843751615,7.782314134192316
142,DI,Jacksonville,Morgan,Dees,31.892224185092182,4.163275962806965
143,DI,Cal State Bakersfield,Mattison,Degarmo,23.645219282548393,3.461593915632719
144,DI,Washington,Carly,Dehoog,38.94976888877875,3.0139446097791858
145,DI,Tulane,Ashley,Delgado,30.856824166611265,2.7067886553155427
146,DI,Missouri State,Sarah,Demmer,14.491452847536964,5.184901192548765
147,DI,South Carolina,Ali,Denney,42.93280656393912,3.047557338650814
148,DI,USC,Joy,Dennis,31.317032677840935,2.5525616972333967
149,DI,Arizona,Candice,Denny,31.24415304964122,7.245030080493648
150,DI,Nebraska,Hayley,Densberger,15.04397377393107,5.727703990181169
151,DI,Texas A&M Corpus Christi,Abigail,Devido,34.424668362171374,4.497737274994852
152,DI,Arizona,Hailey,Devlin,34.21486244232857,2.9881245273172827
153,DI,Pepperdine,Maddie,Dilfer,30.71120380382164,3.185703849499341
154,DI,South Carolina,Lydia,Dimke,27.535051752104923,5.3696740385503485
155,DI,FAU,Gabrielle,Dischler,35.79778832413023,3.016687845196901
156,DI,Cal State Bakersfield,Aleksandra,Djordjevic,26.60176964221236,3.68139943282326
157,DI,Coastal Carolina,Aleksandra,Djuric,30.13082654149516,4.290694842523945
158,DI,Abilene Christian,Eighmy,Dobbins,22.373325454449116,5.439536730790262
159,DI,Utah,Brianna,Doehrmann,15.524485735806314,4.765269593752556
160,DI,LSU,Hunter,Domanski,36.98709486935217,2.661749131072555
161,DI,FAU,Kaila,Dorish,26.704361683739965,3.193218579584157
162,DI,USC,Cammie,Dorn,32.69175649373801,3.6382492364093006
163,DI,LMU,Emma,Doud,34.92037249805211,2.79799891792527
164,DI,TCU,Claire,Doyle,15.987108987831267,4.176321336746923
165,DI,Washington,Samantha,Drechsel,22.332059872624782,4.102105932447227
166,DI,Hawaii,Paige,Dreeuws,34.88185852070611,2.912256760864848
167,DI,Central Arkansas,Delaney,Driver,26.680210496389556,3.5797526588283306
168,DI,Cal,Madison,Dueck,32.93300033024774,2.7556083567325764
169,DI,New Orleans,Blessings,Dunn,24.247857175956796,4.197535513980391
170,DI,Stetson,Darby,Dunn,44.69886340490416,3.4333758953162157
171,DI,Stetson,Lauren,Durham,34.05224718328609,3.781720306220972
172,DI,Pepperdine,Heidi,Dyer,39.703956712741245,2.8888652690941035
173,DI,Florida State,Ali,Eager,29.969898938358558,7.077139546442658
174,DI,South Carolina,Hannah,Edelman,30.113785688183206,5.050869825048593
175,DI,College of Charleston,Katja,Ehlers,36.2347711891855,3.4595313008985693
176,DI,ASU,Sierra,Ellett,22.879142625118174,7.524545165625641
177,DI,Georgia State,Allie,Elson,27.437707926923665,3.82384815680398
178,DI,Coastal Carolina,Kalin,Eske,12.89031382728101,5.501875523997281
179,DI,Florida State,Nikki,Esposito,27.12711462879059,7.697897616930865
180,DI,Tulane,Morgan,Esters,18.876050201248958,7.468913637819458
181,DI,UAB,Rachel,Evans,28.284920074898444,7.7155885806230895
182,DI,UNC Wilmington,Reagan,Evans,20.065886149415494,6.917046469792628
183,DI,South Carolina,Aubrey,Ezell,24.57355666904497,5.773059542881282
184,DI,"Cal State University, Sacramento",Sarah,Falk,13.333447342758658,5.885924437249973
185,DI,Morehead State,Maddie,Fella,15.51334161670168,6.52538030725121
186,DI,Pepperdine,Jordan,Ferrari,22.426805633390018,6.033897069594027
187,DI,LMU,McKayla,Ferris,42.58188125954044,3.138486610429704
188,DI,Pepperdine,Alexis,Filippone,39.23037388262837,3.4511322499994574
189,DI,Jacksonville,Cristina,Finan,23.605396730342264,4.708109004998441
190,DI,Missouri State,Caroline,Finnell,20.21463278266387,5.416293869250954
191,DI,Hawaii,Allyssah,Fitterer,30.648909839440183,6.2497026521112735
192,DI,Florida State,Madison,Fitzpatrick,30.489550125739843,4.197872135076201
193,DI,Texas A&M Corpus Christi,Madi,Fitzsimmons,23.80193422789758,4.306908981789027
194,DI,Pacific,Ashlyn,Fleming,20.85474028804496,3.639107785713424
195,DI,ASU,Cierra,Flood,27.129103926559047,3.1313523904072866
196,DI,Houston Baptist,Kali,Fluke,24.605886727531658,3.1425913265008334
197,DI,College of Charleston,Taylor,Foley,29.63210469012097,3.0875413059624863
198,DI,Stanford,Kate,Formico,37.59427081323263,2.834850216315181
199,DI,FIU,Federica,Frasca,47.81164079392593,3.2342727270217444
200,DI,Jacksonville State,Kayla,Frear,17.15641253880905,6.429622434109358
201,DI,College of Charleston,Lauren,Freed,31.565258767929784,3.1714612659504877
202,DI,Florida State,Vanessa,Freire,48.973395955835265,2.6447641049928077
203,DI,Missouri State,Taylor,Fricano,28.910656153689054,5.0947835734242
204,DI,FIU,Katie,Friesen,35.2216969246827,4.061708002164161
205,DI,Tulane,Rio,Frohoff,28.56042665021003,2.7156790067926337
206,DI,Austin Peay State,Cecily,Gable,27.637190072474763,4.1113864004495335
207,DI,Cal,Jessica,Gaffney,41.40288744377748,2.9025896284359676
208,DI,Santa Clara,Michelle,Gajdka,23.02992797615869,4.193503950054417
209,DI,ULM,Kayla,Gallant,30.766090701959918,3.587386910832334
210,DI,San Jose State University,Nandyala,Gama,33.29160409246949,3.9671835260363357
211,DI,Mercer,Gracie,Garanich,30.623894187385563,3.5709469060998797
212,DI,Washington,Kimmy,Gardiner,43.50646012024344,3.2978126774518413
213,DI,Cal State Bakersfield,Sarah,Garrow,28.75745629020831,3.676402692402223
214,DI,"Cal State University, Sacramento",Brie,Gathright,18.800501851823494,5.642072135472494
215,DI,Utah,Laura,Gauta,24.63704870509533,4.430585175215965
216,DI,Coastal Carolina,Tanner,Gauthier,25.59737938152947,4.6474876994843966
217,DI,Pepperdine,Katie,Gavin,29.317556631477334,6.530743612477924
218,DI,Austin Peay State,Ginny,Gerig,27.637190072474763,4.1113864004495335
219,DI,Mercer,Amber,Gibson,28.317907631568193,3.537363879475098
220,DI,Mercer,Elli,Gibson,21.960254532615096,4.031023210969775
221,DI,ASU,Frances,Giedraitis,24.96981187012746,5.057578907567221
222,DI,Santa Clara,Brittany,Gillingham,19.770559800821047,6.94349031370998
223,DI,FIU,Natalia,Giron,30.3973145616493,2.9633429647187217
224,DI,FGCU,Ashley,Glickert,34.094296815912884,3.8512752878563337
225,DI,San Jose State University,Julia,Golbeck,24.84372222263391,3.5959830434016196
226,DI,Florida State,Francesca,Goncalves,38.719176221554214,3.164926871442602
227,DI,Cal Poly SLO,Macy,Gordon,30.256160879148823,2.940070138058062
228,DI,Georgia State,Maddie,Gordon,21.795595299975652,5.292795098448875
229,DI,FAU,Sam,Gott,20.621990258984606,7.454232763304349
230,DI,Pacific,Katrin,Gotterba,34.911297740137435,3.4609903119688337
231,DI,Utah,Phoebe,Grace,23.602543131251476,7.656298623811637
232,DI,San Jose State University,Thaliana,Grajeda,26.79757058666493,4.0921078705533755
233,DI,FAU,Nicole,Grant,24.611853604840487,4.026732930480648
234,DI,USC,Tina,Graudina,58.86595714525147,3.406198059386443
235,DI,UNC Wilmington,Anna,Grauel,25.0,8.333333333333334
236,DI,Texas A&M Corpus Christi,Madison,Green,31.477513660052256,3.9461137607404217
237,DI,USC,Peri,Green,20.37025316309332,7.226047043462896
238,DI,TCU,Jaelyn,Greene,32.32553744354694,2.939178584645586
239,DI,Cal Poly SLO,Raeann,Greisen,35.725479704339655,2.837971562950124
240,DI,New Orleans,Kaitlyn,Grice,25.206843513925985,3.5404329032971154
241,DI,UNF,Taryn,Griffey,34.7020947250941,3.122156450291638
242,DI,ULM,Catherine,Griffith,32.57660243977663,3.603909560696842
243,DI,Cal Poly SLO,Brayden,Gruenewald,27.18418344558298,5.249957299166318
244,DI,Morehead State,Jessica,Hall,16.356018104027996,6.56163386840731
245,DI,Oregon,Marine,Hall-Poirier,20.81117903488073,5.099614092284871
246,DI,Arizona,Olivia,Hallaran,31.029017141261672,3.414634406345269
247,DI,USC,Haley,Hallgren,46.3228298421413,2.339247098269582
248,DI,Stetson,Lexi,Ham,21.874609504020817,7.512542445397529
249,DI,Central Arkansas,Colene,Hamilton,30.68145295626803,3.936965727835506
250,DI,Oregon,Kyra,Hanawahine,20.81117903488073,5.099614092284871
251,DI,Boise State,Drew,Hanneman,21.37903204258138,7.557783669176263
252,DI,Cal State Bakersfield,Emily,Hansen,31.924759181963204,4.089087189744592
253,DI,Boise State,Kenna,Hanses,16.808844226393152,5.108979392076637
254,DI,Missouri State,Julia,Hanson,18.863827291623107,5.7722031110171965
255,DI,Coastal Carolina,Leah,Hardeman,34.34012982880284,4.466965863023261
256,DI,LSU,Emily,Hardesty,28.313251687481994,5.571903127417245
257,DI,Arizona,Chelsey,Harris,25.0,8.333333333333334
258,DI,Stetson,Samantha,Harris,31.203123525187372,3.123997764080061
259,DI,South Carolina,Franky,Harrison,25.51533394333757,4.005470939178772
260,DI,Long Beach State,Hailey,Harward,37.96119295998838,3.635455052607229
261,DI,Nebraska,Allie,Havers,17.83231966759047,5.105654355406605
262,DI,Georgia State,Eden,Hawes,28.365781076918964,3.34941324491458
263,DI,"Cal State University, Sacramento",Macey,Hayden,24.21800574902754,4.439572285233595
264,DI,Cal State Bakersfield,Sydney,Haynes,31.9247591819632,4.089087189744592
265,DI,Georgia State,Amie,Held,31.09621495921322,2.8229631952219107
266,DI,Stetson,Sunniva,Helland-Hansen,39.017411517567936,3.507155755360183
267,DI,Stanford,Morgan,Hentz,41.172464731853935,3.1450670456696668
268,DI,Tulane,Addison,Hermstad,33.758317694565775,2.8988418106324376
269,DI,Pepperdine,Gigi,Hernandez,39.703956712741245,2.8888652690941035
270,DI,Cal State Bakersfield,Krista,Hernandez,15.327285507734947,4.666091256009387
271,DI,Saint Mary's,Mary,Hernandez,31.64891414466915,3.1219438639572563
272,DI,TCU,Haven,Hill,40.447072989193224,2.8773636244891985
273,DI,Houston Baptist,Tori,Hinojosa,34.07430187377643,3.07365249766506
274,DI,San Jose State University,Jamie,Hirai,23.390477039650815,3.8237649009027646
275,DI,Central Arkansas,Kristine,Hjembo,30.681452956268032,3.936965727835506
276,DI,UNF,Carina,Hoff,37.70353482118569,3.799830142730467
277,DI,Central Arkansas,Shelby,Holmes,25.329464441596354,4.871372875269987
278,DI,UCLA,Chanti,Holroyd,27.05923091312171,6.858169736890287
279,DI,Pacific,Alex,Holt,34.911297740137435,3.4609903119688337
280,DI,Hawaii,Ari,Homayun,39.60970467774845,2.8302457688583016
281,DI,Grand Canyon,Natalie,Honzovicova,26.45926097314399,5.328234139792061
282,DI,Houston Baptist,Aeriel,Horton,48.07320379779415,3.359193324732422
283,DI,Florida State,Katie,Horton,47.149978865410795,3.392234740407731
284,DI,TCU,Cassie,House,40.447072989193224,2.8773636244891985
285,DI,UNF,Chaney,Howard,34.7020947250941,3.122156450291638
286,DI,USF,Haley,Howell,27.00735937333351,3.8344305865715524
287,DI,Cal Poly SLO,Hannah,Hubbard,32.25892416241475,2.8895340292286367
288,DI,Hawaii,Hi'ilawe,Huddleston,33.99901442652525,5.318540919334164
289,DI,Jacksonville State,Hailey,Hughes,21.009510330368283,4.072771308429814
290,DI,Portland,Kellie,Hughes,17.12598104464843,6.675321519221293
291,DI,Saint Mary's,Morgan,Hughes,43.9578787697813,3.3008923208413643
292,DI,UNC Wilmington,Halle,Hunt,29.56697720724232,3.0898835331841186
293,DI,Nebraska,Kelly,Hunter,30.237291174289957,4.483756781780194
294,DI,Cal State Northridge,Erin,Indermill,20.116457291897085,4.151471905223353
295,DI,Stetson,Rebecca,Ingram,29.700736397688424,3.4261000494507945
296,DI,Cal,Alexia,Inman,43.31154518052419,2.941096850995499
297,DI,New Mexico,Maddie,Irwin,33.84486546690683,4.018059493011267
298,DI,Grand Canyon,Kelli,Iverson,27.42534070175552,4.834445205063667
299,DI,UAB,Haley,Jared,23.40982046736457,4.2067357144945
300,DI,Jacksonville State,Grace,Jarnagin,13.522701732911026,4.240763272564976
301,DI,Grand Canyon,Taylor,Jarzombek,30.59677880651398,3.600079244093817
302,DI,Florida State,Macy,Jerger,41.5726965731552,3.0914249793758413
303,DI,Georgia State,Georgia,Johnson,36.91939955100546,2.971443084181943
304,DI,Mercer,Jessica,Johnson,20.42101831782677,3.8772037389151595
305,DI,ASU,Kwyn,Johnson,33.526637850940105,4.0315514798121255
306,DI,Boise State,Kylee,Johnson,20.480932424432492,4.832229886750016
307,DI,Georgia State,Mattie,Johnson,29.595774239881813,5.911817702716615
308,DI,Oregon,Willow,Johnson,19.03572625129533,6.049118318834467
309,DI,Texas A&M Corpus Christi,Gabriella,Johnston,24.267325055434007,7.09577797074383
310,DI,Morehead State,Jordan,Jones,13.03457176665321,6.331013459003969
311,DI,Washington,Destiny,Julye,38.64193119355387,3.028282295798211
312,DI,UNF,Casey,Justice,23.902275466059983,3.494632260729588
313,DI,UCLA,Lily,Justine,47.47170037641144,2.6179699508765752
314,DI,USC,Maja,Kaiser,29.60637271268409,3.33689951280315
315,DI,Hawaii,Carly,Kan,44.102712790564176,2.6306081336498104
316,DI,Santa Clara,Allison,Kantor,27.232573312663543,5.977020838104229
317,DI,Long Beach State,Sasha,Karelov,51.303703879277364,3.124695357111672
318,DI,Stanford,Caitlin,Keefe,29.64121768425651,2.9632493860425035
319,DI,Mercer,Kylie,Keeling,20.64533172144709,3.5078225356164525
320,DI,UAB,Alex,Kells,21.304604920494313,7.407366272872081
321,DI,UNC Wilmington,Sarah,Kelly,23.858851907349163,3.2516730717535793
322,DI,ULM,Allie,Kemp,19.4976072787656,3.803827156830591
323,DI,Saint Mary's,Morgan,Kendrick,30.47920172522135,4.880407163693401
324,DI,USC,Katrina,Kernochan,32.39436275982443,4.279379042006585
325,DI,Abilene Christian,Makenzie,Kesler,16.058837128040675,6.488617171476872
326,DI,LSU,Lilly,Kessler,33.17783681361035,6.864820179148221
327,DI,FAU,Jessalyn,Kinlaw,35.79778832413023,3.016687845196901
328,DI,Jacksonville State,Hannah,Kirk,17.440031945524957,4.507847517533732
329,DI,Long Beach State,Emma,Kirst,27.418698320509005,7.621312428594623
330,DI,UNC Wilmington,Maddy,Kline,41.77386971657026,3.1667513424136335
331,DI,FIU,Dorina,Klinger,36.06214140838671,3.361193762649786
332,DI,Saint Mary's,Kelsey,Knudsen,27.37650613862143,3.3250076622641864
333,DI,Saint Mary's,Lindsey,Knudsen,36.68848664694646,3.208842357639224
334,DI,Utah,Kenzie,Koerber,21.32911033595705,4.309258437664732
335,DI,Long Beach State,Zoi,Konstantopoulou,35.00570220318768,3.3355786347463754
336,DI,Austin Peay State,Nina,Korfhage,25.332484193545383,6.653797655483804
337,DI,USF,Trish,Koutsoukos,17.80521699068631,6.763845940251921
338,DI,LMU,Sara,Kovac,37.06948421433859,2.9625590630906125
339,DI,Pepperdine,Deahna,Kraft,50.453778475150244,3.205103465970927
340,DI,Stetson,Katinka,Krahn,27.60692147765176,4.460365385487342
341,DI,Jacksonville,Katie,Krawczyk,30.611976487887492,4.14996519297135
342,DI,USC,Jo,Kremer,28.89056232804959,3.1914561054556754
343,DI,Texas A&M Corpus Christi,Jenna,Krenek,19.797271234874145,4.518528521172429
344,DI,FGCU,Kaitlan,Krivdo,17.814781223592373,3.6823736438731896
345,DI,Long Beach State,Megan,Kruidhof,39.09581138962935,3.619845340849288
346,DI,Jacksonville State,Kim,Krutsinger,23.710081927454052,7.815044049430562
347,DI,Florida State,Brooke,Kuhlman,33.75861878174249,2.893560877113609
348,DI,New Orleans,Rachel,Kuhn,32.36742375724869,4.0014057048767615
349,DI,"Cal State University, Sacramento",Kennedy,Kurtz,25.804773036627793,4.290267046493842
350,DI,Pacific,Maycie,LaBass,27.160487906525926,3.883433677280573
351,DI,Coastal Carolina,Shelby,Ladewig,16.15864947468755,5.766680966928156
352,DI,Saint Mary's,Jennifer,Laird,24.278396115519804,4.32828307089895
353,DI,Boise State,Brindl,Langley,28.026750674936185,4.8872785472541205
354,DI,Missouri State,Kelsey,Larsen,25.394759537029426,6.877163149413589
355,DI,USF,Laura,Leap,18.88642268628611,5.964531363210858
356,DI,Cal Poly SLO,Olivia,Lee,28.158322630298365,7.7743633497703355
357,DI,LMU,Maddie,Leiphardt,25.826164428971097,2.816678123244716
358,DI,USF,Shannon,Levinson,13.038750602509214,4.685071368849512
359,DI,UNC Wilmington,JM,Lewandowski,27.94125126002988,3.2136445178927726
360,DI,Boise State,Kiley,Lewis,33.974261983763604,4.787233589822166
361,DI,FAU,Julia,Lewkowicz,31.12624387621837,3.8288939167424174
362,DI,LSU,Maddie,Ligon,36.26918789617781,2.6822849619736204
363,DI,Cal,Iya,Lindahl,37.54794750186321,2.889815437483715
364,DI,Santa Clara,Hailey,Lindberg,23.848207177795185,5.260290709526153
365,DI,Pacific,Kaitlyn,Lines,19.25688985379219,4.3738915123358355
366,DI,UAB,Avei,Logoleo,29.96267180627937,3.5164947926250743
367,DI,Morehead State,Olivia,Lohmeier,22.849179708699882,6.630125948041491
368,DI,New Mexico,Kayla,Long,17.80319522085673,4.0905086679936975
369,DI,Pacific,Roni,Long,30.230702543391736,3.6048430795793602
370,DI,Cal State Bakersfield,Emily,Lopes,23.64521928254841,3.461593915632719
371,DI,UNC Wilmington,Nicole,Lott,41.77386971657026,3.1667513424136335
372,DI,ULM,Gabby,Love,30.443388018183306,3.9749313331453173
373,DI,USF,Carly,Lowry,27.007359373333486,3.8344305865715524
374,DI,Utah,Tawnee,Luafalemana,28.517001350720754,4.244315686775129
375,DI,Jacksonville State,Charis,Ludtke,23.556407709236964,5.798300564836815
376,DI,Florida State,Hailey,Luke,46.83251701401509,3.397129196076985
377,DI,Coastal Carolina,Dora,Lulic,23.8844670158554,4.787275256949733
378,DI,ASU,Ellyson,Lundberg,34.35553437127722,3.3761449721934347
379,DI,Hawaii,Chloe,Luyties,27.805149841935556,7.418713966924172
380,DI,Pepperdine,Nikki,Lyons,35.03756283016905,3.2676133007793235
381,DI,Arizona,Olivia,Macdonald,44.35946994434358,2.999010493254594
382,DI,College of Charleston,Kennedy,Madison,32.03695815889235,2.854145081300526
383,DI,Hawaii,Emily,Maglio,54.309365764429565,3.045075647748121
384,DI,Nebraska,Kenzie,Maloney,27.430175906158638,4.333572897279696
385,DI,Cal Poly SLO,Jessica,Manley,24.164484977772755,7.807624358368412
386,DI,Cal Poly SLO,Sam,Manley,42.56590276521658,3.629153322341015
387,DI,Coastal Carolina,Kyla,Manning,19.036795671387317,5.323340472802831
388,DI,South Carolina,Julia,Mannisto,32.83953978021504,2.8606611468345964
389,DI,College of Charleston,Logan,Manusky,29.87882032656166,3.0660607365906993
390,DI,Cal State Bakersfield,Hannah,Manzanares,17.096102458210268,6.672376565337955
391,DI,Jacksonville,Hannah,Marchand,14.948147569778895,5.684534401661722
392,DI,Cal State Bakersfield,Briannah,Mariner,26.785632619295633,3.681229549976482
393,DI,Cal State Northridge,Kristey,Markle,25.9611412607328,3.985098340278245
394,DI,Texas A&M Corpus Christi,Selina,Marolf,34.424668362171374,4.497737274994852
395,DI,New Mexico,Erin,Martin,33.84486546690683,4.018059493011267
396,DI,Arizona,Makenna,Martin,32.132980592329325,3.174109716616319
397,DI,Hawaii,Morgan,Martin,45.45057066337657,3.010268627977295
398,DI,UAB,Emily,Martinez,27.233421501372984,3.657707546906793
399,DI,Central Arkansas,Jessica,Martinez,28.426378845816178,3.775868727649703
400,DI,Arizona,Mia,Mason,28.522020052693733,4.162806969430715
401,DI,Long Beach State,Hannah,Matt,34.04609775505117,3.29056758282877
402,DI,Jacksonville,Mallory,Mattingly,21.85362904729302,4.80229686563374
403,DI,UAB,Devon,May,41.30445944634976,3.377718229037321
404,DI,UCLA,Mac,May,34.998356478395415,2.7619855774234527
405,DI,Florida State,Molly,McBain,37.91737631530763,3.064362646204487
406,DI,Georgia State,Meagan,McCall,30.205160616087024,5.8369409487970385
407,DI,Morehead State,Danielle,McCarson,15.51334161670168,6.52538030725121
408,DI,UNF,Madilyn,McCarty,29.857665354330233,3.4176761982578716
409,DI,Nebraska,Chesney,McClellan,15.655186061398338,5.879400545644149
410,DI,UAB,Kaylee,McClure,25.046878769519857,3.6284416622646445
411,DI,Santa Clara,Anna,McCreadie,18.59919524104169,6.392413093993901
412,DI,UNC Wilmington,Katie,McCullough,29.09691128044884,3.081989604282107
413,DI,Georgia State,Ashley,McGinn,24.49363579290988,3.0048819269139533
414,DI,FAU,Megan,McGrath,29.631821266512528,7.113032128004023
415,DI,Texas A&M Corpus Christi,Demi,McInnis,21.7260417719304,4.476064583395213
416,DI,Cal State Northridge,Lauren,McMurray,24.28978229617904,3.9569601204724503
417,DI,UCLA,Megan,McNamara,57.4996529777754,2.8288275951170303
418,DI,UCLA,Nicole,McNamara,57.4996529777754,2.8288275951170303
419,DI,UCLA,Jamie,McQuarrie,27.473180616745505,7.723422353565142
420,DI,Tulane,Christina,Mcafee,24.516353787371933,5.972784132112349
421,DI,Tulane,Kaylie,Mchugh,50.26786264578001,3.0184759254250073
422,DI,Mercer,Lela,Mcintosh,18.843659263559296,4.0382284300382345
423,DI,Washington,Shayne,Mcpherson,38.94976888877875,3.0139446097791858
424,DI,Santa Clara,Kristen,Mead,24.636720917396094,5.186509456976639
425,DI,"Cal State University, Sacramento",Hannah,Meadows,14.552841373211407,4.432297524185385
426,DI,Mercer,Elli,Merchant,28.564446791624892,3.606167603194131
427,DI,Tulane,Tarin,Mergener,35.719105035618,2.508068156209971
428,DI,Cal,Mia,Merino,31.90741967129236,2.958778990573074
429,DI,Tulane,Madeline,Mertz,50.26786264578001,3.0184759254250073
430,DI,ULM,Taylor,Meyer,24.989348878915536,3.8903571210516263
431,DI,Cal,Maddie,Micheletti,36.45992089241799,3.4179604379914164
432,DI,Houston Baptist,Brennan,Miller,24.786665285123807,3.1137108815652392
433,DI,UNF,Courtney,Miller,37.70353482118569,3.799830142730467
434,DI,Houston Baptist,Jordyn,Miller,23.94694235623396,5.815427295346737
435,DI,New Orleans,Madison,Miller,19.924563444980045,4.2440666381119705
436,DI,Jacksonville State,Kaylie,Milton,21.299252025319657,5.404255521034912
437,DI,Cal Poly SLO,Tia,Miric,45.789006290211226,3.209873768358944
438,DI,Cal,Mima,Mirkovic,47.26968006126921,2.9542875578894807
439,DI,Cal State Northridge,Daniella,Molinari,20.74184993806318,4.073193358644116
440,DI,Hawaii,Lea,Monkhouse,45.02308050696729,3.0279895289223284
441,DI,UNC Wilmington,Brynn,Montgomery,27.483506715938518,3.204689592341963
442,DI,Austin Peay State,Brooke,Moore,18.83568192474058,4.198734520931589
443,DI,Morehead State,Rachel,Moore,25.0,8.333333333333334
444,DI,UAB,Gabbi,Moreno,24.663884627182927,3.503008952380828
445,DI,FAU,Mackenzie,Morris,33.1300071164214,3.568269321923699
446,DI,Missouri State,Mikaela,Mosquera,19.234467413066017,5.175677351671465
447,DI,Abilene Christian,Katelyn,Mueller,20.019992473336572,5.194590222793597
448,DI,UNC Wilmington,Courtney,Mullinax,22.346083898625675,3.1562935345040697
449,DI,College of Charleston,Krissy,Mummey,34.29910167132897,3.5140256893390944
450,DI,UCLA,Zana,Muno,42.706676422828856,3.316161834018883
451,DI,"Cal State University, Sacramento",Brigitte,Murdock,15.936107043381362,4.171052541513961
452,DI,UCLA,Megan,Muret,37.91936772909428,2.7957513504696174
453,DI,Jacksonville,Kendall,Murr,25.091087060198017,8.194491838538871
454,DI,Portland,Lauren,Naatz,12.011893462635825,4.797136976785903
455,DI,Arizona,Kacey,Nady,32.83691533441794,3.143199812646917
456,DI,Portland,Kassidy,Naone,18.12661508796043,4.960307356699879
457,DI,UAB,Sallianne,Napolitano,28.291077019804106,3.4468999584248414
458,DI,Central Arkansas,Megan,Nash,37.87332814200017,3.679043373181483
459,DI,FAU,Nicole,Navarro,25.723239728414452,3.1503208722616445
460,DI,LMU,Veronica,Nederend,30.80682638492992,2.987130871001169
461,DI,LSU,Haleigh,Nelson,33.176606042889475,2.7288074864762777
462,DI,Cal Poly SLO,Taylor,Nelson,44.32864603160468,3.630188621780137
463,DI,New Mexico,Emily,Nenninger,20.892288279902683,4.928401837733693
464,DI,Long Beach State,Claire,Newlander,30.517537068598863,5.851297360770526
465,DI,Washington,Chloe,Newton,23.9945343388117,7.021620236135768
466,DI,Tulane,Lan,Nguyen,35.514195745421254,2.4896574710469097
467,DI,Long Beach State,Rachel,Nieto,45.20979532222734,3.1493094883469137
468,DI,Stetson,Rachel,Noble,35.13981864817114,3.0871593300602926
469,DI,"Cal State University, Sacramento",Mikaela,Nocetti,26.899894062291494,4.5088803021233135
470,DI,Georgia State,Kate,Novack,28.20014854673316,2.784694568493098
471,DI,LSU,Kristen,Nuss,53.14902311154545,2.8473022841075344
472,DI,Santa Clara,Ngozi,Nwabuzoh,21.296033738058984,4.256244830678193
473,DI,Saint Mary's,Alex,O'Sullivan,25.0,8.333333333333334
474,DI,Utah,Berkeley,Oblad,24.127163395883024,4.030368785089296
475,DI,Santa Clara,Taylor,Odom,17.480997181432237,4.528230720182591
476,DI,Mercer,Kacy,Ogden,27.60731191441132,3.6654602412472452
477,DI,"Cal State University, Sacramento",Ashtin,Olin,19.853631852504154,5.270560134827912
478,DI,LSU,Mandi,Orellana,36.391599496765984,3.4228586221428623
479,DI,Tulane,Lauren,Orlich,31.947479666101877,2.5431034278657103
480,DI,Coastal Carolina,Autumn,Otto,16.847910269873772,4.587106733839886
481,DI,Texas A&M Corpus Christi,Naomi,Overstreet,22.722673454887946,4.501791297897997
482,DI,Cal State Northridge,Aeryn,Owens,36.72622024569957,4.277761652620786
483,DI,Hawaii,Amy,Ozee,39.60970467774845,2.8302457688583016
484,DI,New Mexico,Mercedes,Pacheco,16.40008153843147,4.541454814215261
485,DI,Oregon,Lauren,Page,19.03572625129533,6.049118318834467
486,DI,ASU,Sydney,Palmer,24.021507101775715,4.987452664243915
487,DI,Austin Peay State,Jenna,Panning,23.114196900192805,4.059380003052942
488,DI,LMU,Paige,Panter,25.0,8.333333333333334
489,DI,Florida State,Victoria,Paranagua,57.247897775793135,2.6767670892345103
490,DI,ASU,Halle,Parker,20.25703831921489,6.975642915185388
491,DI,ASU,Jourdan,Parnell,25.0,8.333333333333334
492,DI,San Jose State University,Laura,Parts,26.087770858108772,3.912442057984568
493,DI,UNF,Brittany,Pase,24.443534120576807,3.6438463793534552
494,DI,Long Beach State,Alexis,Patterson,30.22337739437572,7.006733334797105
495,DI,Mercer,Sophie,Peel,27.60731191441132,3.6654602412472452
496,DI,FAU,Brittany,Pellitteri,21.26285146731521,3.4817434795129687
497,DI,Cal Poly SLO,Heather,Pembroke,30.342095938224105,3.0218890099211757
498,DI,Stetson,Carly,Perales,39.017411517567986,3.507155755360183
499,DI,FGCU,Kellie,Pernula,31.352863745081024,6.143170568727184
500,DI,South Carolina,Leah,Perri,35.55214377415996,2.8218094954647572
501,DI,Jacksonville,Lauren,Petersen,17.261309911127494,4.592102720271813
502,DI,Pacific,Olivia,Petnicki,19.168189068228784,6.115967112427366
503,DI,Cal State Northridge,Nicolette,Pinkney,25.418655047931818,4.256927765059624
504,DI,ASU,Samantha,Plaster,30.584865365560606,3.205880378848286
505,DI,Stanford,Kathryn,Plummer,38.23746111264784,4.242519650362716
506,DI,USC,Alexandra,Poletto,29.473719362885696,2.611647079794045
507,DI,Central Arkansas,Stephanie,Pollnow,27.563583588042643,4.2798649964021225
508,DI,Pacific,Taylor,Poncetta,28.639526899750173,3.671897910247748
509,DI,ULM,Holland,Ponthieux,22.702651587812703,3.6998679351946118
510,DI,Utah,Melissa,Powell,32.5210501360142,4.085726197862222
511,DI,LSU,Olivia,Powers,34.27843427670191,2.600321477739847
512,DI,Santa Clara,Tessie,Powers,23.936343161048917,4.372850727602963
513,DI,LMU,Jessie,Prichard,37.079957689531625,2.958795621194507
514,DI,UAB,Annie,Pringle,19.99296411691192,4.4802353786965705
515,DI,FGCU,Katherine,Puisis,30.68483958029823,3.575290980050834
516,DI,Arizona,Stephany,Purdue,34.374920143224365,3.059652512268117
517,DI,Florida State,Sara,Putt,42.394604201108365,3.0725792055520946
518,DI,Grand Canyon,Katie,Pyles,29.55557192312507,3.229418629409239
519,DI,Pepperdine,Corinne,Quiggle,50.453778475150244,3.205103465970927
520,DI,College of Charleston,Devon,Rachel,33.36759547368527,2.9951170027712504
521,DI,Long Beach State,Marisa,Ramsey,34.046097755051164,3.29056758282877
522,DI,New Orleans,Rhyan,Rand,24.058136111448793,5.243493947959086
523,DI,Jacksonville State,Bethany,Randall,17.38989871648137,4.456933446370056
524,DI,Stanford,Catherine,Raquel,30.841364407628166,2.891652844949862
525,DI,Oregon,August,Raskie,21.997289834244487,6.453357379202624
526,DI,Abilene Christian,Lexie,Rawls,16.207523678343843,6.493776099807952
527,DI,UNF,Blaire,Register,24.84925600079966,7.317658912708629
528,DI,Portland,Liz,Reich,20.680972370486927,5.763813699049035
529,DI,Santa Clara,Erin,Reineking,22.734622224558507,4.215522219364603
530,DI,Santa Clara,Gretchen,Reinert,15.066932870128891,5.092607796525042
531,DI,LMU,Chloe,Reinig,27.111370330343156,3.393197323895385
532,DI,Grand Canyon,Emily,Reinking,28.35908429686206,3.743318833376488
533,DI,Long Beach State,Nicci,Reinking,35.42000015992438,3.3334118738520107
534,DI,Jacksonville,Tori,Reiser,13.290917994595238,5.673712143282255
535,DI,San Jose State University,Ciara,Reistad,24.84372222263392,3.5959830434016196
536,DI,Grand Canyon,Madi,Relaz,24.049871988931073,3.8403156369824796
537,DI,Abilene Christian,Sofia,Resendiz,11.693863490112602,5.525112328211026
538,DI,Missouri State,Ivy,Reynolds,20.402079736442015,5.037176659260545
539,DI,Morehead State,Karlee,Reynolds,17.265857807302112,6.577343138241077
540,DI,FGCU,Karissa,Rhoades,34.32689826278489,3.478228010946826
541,DI,College of Charleston,Mckala,Rhodes,31.669895651786703,3.02916736503246
542,DI,Stetson,Alexa,Richardson,28.394429276851962,4.248312319965943
543,DI,Stanford,Shannon,Richardson,24.455959532391116,4.313701931473936
544,DI,Abilene Christian,Brooke,Riley,14.15197651378963,5.246036700278434
545,DI,ASU,Mia,Rivera,34.32772524989524,3.9843330760891615
546,DI,Boise State,Sabryn,Roberts,40.274375258619244,4.88955064788935
547,DI,San Jose State University,Breann,Robinson,22.96257279951021,3.865177802825093
548,DI,Portland,Morgan,Robinson,25.081555204666753,4.710122960516718
549,DI,Washington,Natalie,Robinson,28.839863133426714,3.4101368163022934
550,DI,TCU,Hannah,Rogers,28.202525819881178,3.069050822383407
551,DI,Central Arkansas,MC,Rogers,26.517194283776906,3.597022534971868
552,DI,UNF,Marissa,Rogers,21.669177113095966,7.681317835022343
553,DI,Pepperdine,Madalyn,Roh,46.143886284659,2.9115942266506267
554,DI,Morehead State,Lauren,Rokey,15.53482770117325,6.847360185890092
555,DI,Jacksonville State,Mackenzie,Rombach,17.67063748183037,6.252337933615255
556,DI,USF,Erica,Ronda,32.064531454702845,4.419169848375863
557,DI,Texas A&M Corpus Christi,Olivia,Rook,19.980380965908225,7.2200484380277095
558,DI,UNC Wilmington,Raquel,Rooney,26.31735511138061,2.921008456886531
559,DI,Cal State Northridge,Cassidy,Rosso,22.029043612977407,7.33518683873493
560,DI,Saint Mary's,Payton,Rund,43.9578787697813,3.3008923208413643
561,DI,Cal State Northridge,Autumn,Russell,24.386495718819898,4.005290900974092
562,DI,FGCU,Alanya,Ryan,20.04008396039992,4.181536707287094
563,DI,Jacksonville,Bethany,Salapek,15.202477190132237,5.630038830606656
564,DI,Santa Clara,Tatiana,San Juan,20.90693213774743,4.242047736955689
565,DI,New Orleans,Cara,Sander,29.098818305080922,4.1615530179238895
566,DI,Abilene Christian,Maybeth,Sandercox,17.8035085453468,6.9867932901161875
567,DI,Grand Canyon,Katie,Sarber,31.45861168428783,5.075055585451112
568,DI,TCU,Brooke,Sassin,37.16818187841848,3.397380429032811
569,DI,FIU,Anabela,Sataric,30.977787287213403,3.583038895137106
570,DI,Cal State Northridge,Katie,Sato,36.72622024569957,4.277761652620786
571,DI,Portland,Sarah,Savoca,21.86387220651309,4.65129473107371
572,DI,FAU,Carly,Scarborough,36.704252161780666,3.2476057704996353
573,DI,Cal,Caroline,Schafer,33.33387494940427,2.9387477556757546
574,DI,TCU,Molly,Scheel,34.793259068212386,3.126426979847875
575,DI,Nebraska,Jasmine,Schmidt,17.94918721018337,5.125951787444996
576,DI,Jacksonville State,Shayla,Schmidt,23.47582561228154,4.134093518236577
577,DI,Central Arkansas,Kimberly,Schnars,26.048196995122044,4.633093198529614
578,DI,South Carolina,Carly,Schneider,34.19925061837857,2.821091188160278
579,DI,San Jose State University,Lyndi,Scholl,32.01685168792181,3.910372932869562
580,DI,Hawaii,Ka'iwi,Schucht,54.30936576442956,3.045075647748121
581,DI,New Orleans,Jordan,Schumacher,25.74974879323498,3.6077937575350014
582,DI,Washington,Courtney,Schwan,39.77920080195237,3.098019701287908
583,DI,Portland,McKenzie,Schwan,14.540670292175841,5.158073042681246
584,DI,Oregon,Maggie,Scott,18.52506036080097,5.009364478031306
585,DI,ULM,Maile,Sellers,29.853399477868823,3.573483470506242
586,DI,Stanford,Blake,Sharp,28.695793618737437,4.057715749925485
587,DI,Abilene Christian,Kennedy,Shelstead,16.6478825597756,5.228827320697959
588,DI,Pacific,Andie,Shelton,27.637835388240475,4.144943194770947
589,DI,Jacksonville,Savannah,Siegrist,28.87781623956055,3.6508988590886453
590,DI,FAU,Amanda,Silva,42.59710743821771,3.213067774160295
591,DI,Houston Baptist,Katya,Silveira,26.955725145415972,3.2035072392081045
592,DI,UCLA,Savvy,Simo,39.550911254043946,2.685141968604715
593,DI,Boise State,Cassedi,Simon,21.37903204258138,7.557783669176263
594,DI,Texas A&M Corpus Christi,Chloe,Simon,16.909587264506847,5.3483894885835115
595,DI,LMU,Cierra,Simpson,29.428375543137005,4.274852216575686
596,DI,USC,Brianna,Sizemore,21.698594493841536,5.215070764647623
597,DI,South Carolina,Caroline,Skaff,27.104622805670548,4.994620818980138
598,DI,USC,Sammy,Slater,45.4421508073443,2.560988787251943
599,DI,LMU,Savannah,Slattery,42.38700487512151,3.1342168323099324
600,DI,Nebraska,Sami,Slaughter,23.382110854372144,4.907544120094567
601,DI,Austin Peay State,Ashley,Slay,22.960033079835146,4.092640621499429
602,DI,Stanford,Amelia,Smith,41.17246473185392,3.1450670456696668
603,DI,ULM,Bailey,Smith,14.308059552112638,3.810453305585205
604,DI,Abilene Christian,Jacey,Smith,19.714940309053567,4.841189378071879
605,DI,UNC Wilmington,Kati,Smith,25.0,8.333333333333334
606,DI,South Carolina,Katie,Smith,47.87194357685874,3.0861663898604657
607,DI,Missouri State,Veronica,Snelling,28.910656153689054,5.0947835734242
608,DI,Cal Poly SLO,Emily,Sonny,42.61850179669493,3.588116795895531
609,DI,South Carolina,Hannah,Sorensen,22.23887609073958,7.762853399345277
610,DI,Boise State,Skye,Southwick,17.90178137457347,5.28270038439907
611,DI,UCLA,Sarah,Sponcil,47.47170037641142,2.6179699508765752
612,DI,Utah,Lauren,Sproule,25.282070991482325,5.062144402356555
613,DI,Grand Canyon,Jessica,Stansfield,30.947692714676695,3.751992003141348
614,DI,Georgia State,Olivia,Stasevich,37.911859425813375,3.0849408146400257
615,DI,Portland,Tani,Stephens,29.839423801854903,4.870128848979375
616,DI,Mercer,Sarah,Stewart,19.77652317319431,7.422756410359512
617,DI,Austin Peay State,Chloe,Stitt,18.863186744108454,3.981368759904377
618,DI,Cal Poly SLO,Jamie,Stivers,30.538659842931413,6.958734272329108
619,DI,Nebraska,Lauren,Stivrins,31.262500108715564,4.477906114238801
620,DI,Oregon,Ronika,Stone,18.52506036080097,5.009364478031306
621,DI,San Jose State University,Hayley,Sturgeon,21.08599436007395,5.0468998600422985
622,DI,Cal State Bakersfield,Desiree,Sukhov,32.658823711264866,3.816967930890665
623,DI,Jacksonville,Mackenzie,Swan,27.62615204685586,4.246044255874654
624,DI,Nebraska,Jazz,Sweat,21.856232401656214,4.886233106840314
625,DI,"Cal State University, Sacramento",Paige,Swinney,26.177908833257725,4.996792357538288
626,DI,Nebraska,Anezka,Szabo,24.011444587905192,7.978453696501336
627,DI,Austin Peay State,Kaylee,Taff,20.523531527118983,4.002093387481545
628,DI,"Cal State University, Sacramento",Skyler,Takeda,21.059105547466064,4.041056119913371
629,DI,New Mexico,Yasmin,Tan,27.49291002232293,3.9993819957048924
630,DI,South Carolina,Macie,Tendrich,35.55214377415996,2.8218094954647572
631,DI,TCU,Jordan,Terral,18.485806223116317,6.331831866285572
632,DI,Austin Peay State,Katelyn,Theiss,24.663131434779373,4.1152362412745545
633,DI,FIU,Helene,Thelle,19.819954216274382,7.404479477017891
634,DI,UNC Wilmington,Jaime,Thomas,24.321478678116737,2.976093978633481
635,DI,USC,Lainy,Thomas,24.49715753453428,7.178501235251028
636,DI,Stetson,Sammee,Thomas,44.69886340490416,3.4333758953162157
637,DI,FIU,Taija,Thomas,34.80567867299942,3.1552467156241137
638,DI,San Jose State University,Ryann,Thomison,28.02834504503888,6.181709948792428
639,DI,Portland,Cali,Thompson,29.839423801854903,4.870128848979375
640,DI,UNF,Sadie,Thurston,25.0,8.333333333333334
641,DI,LSU,Gina,Tillis,24.311536434654244,4.060340174607711
642,DI,Central Arkansas,Hayley,Tippett,37.87332814200017,3.679043373181483
643,DI,Coastal Carolina,Aristea,Tontai,12.89031382728101,5.501875523997281
644,DI,USF,Julia,Topor,30.214508788221753,4.401743792814792
645,DI,Florida State,Eva,Torruella,38.090625093668386,4.1107430100389895
646,DI,Grand Canyon,Hannah,Towne,42.61298333064098,3.1888790538009895
647,DI,Austin Peay State,Haley,Turner,21.773437898907705,4.008645182855665
648,DI,Grand Canyon,Molly,Turner,40.822450322468185,3.2171692910404235
649,DI,New Mexico,Lauren,Twitty,29.95979040696297,3.815461685334524
650,DI,Grand Canyon,Anna,Unnasch,26.027048466315055,8.040397892163803
651,DI,Georgia State,Annika,Van Gunst,46.03794284919333,2.792120914270398
652,DI,Georgia State,Teegan,Van Gunst,47.90025173467264,2.7575846193496756
653,DI,Utah,Alexa,Van Komen,21.680646203054003,6.04013483933494
654,DI,Cal Poly SLO,Adlee,Van Winden,36.353446406457486,3.377870883828384
655,DI,Cal Poly SLO,Torrey,Van Winden,45.789006290211226,3.209873768358944
656,DI,FGCU,Courtney,VanLiew,20.92261687549819,6.0652458149912265
657,DI,Oregon,Lindsey,Vander Weide,24.707564039860365,6.551954884374962
658,DI,Stetson,Julie,Varga,27.656409832378934,3.626097213281423
659,DI,South Carolina,Jess,Vastine,20.325368486372238,3.725310932005896
660,DI,New Orleans,Brianna,Vega,23.5014367079385,3.660010372318811
661,DI,College of Charleston,Brittany,Velez,26.192207687938403,7.880954764563818
662,DI,San Jose State University,Fernanda,Vido,22.983567696639348,7.76653413458369
663,DI,Stanford,Sunny,Villapando,50.47966790387919,3.1580761605918726
664,DI,Houston Baptist,Mikayla,Vivens,20.887908983455716,4.343690757439573
665,DI,Morehead State,Jessie,Wachtman,19.170630172507405,6.641433936949204
666,DI,UNF,Mallory,Waggoner,30.09071340723069,4.7913759628229675
667,DI,Austin Peay State,Caroline,Waite,18.213754159420397,5.226082304977945
668,DI,Cal,Abby,Waldburger,26.41439874276054,7.8441432552550605
669,DI,Texas A&M Corpus Christi,Kayla,Walker,16.92321116719997,4.960818735808786
670,DI,Abilene Christian,Lauren,Walker,14.15197651378963,5.246036700278434
671,DI,FIU,Mackenzie,Walker,26.223500413486736,7.9375391178254535
672,DI,Boise State,Janell,Walley,40.274375258619244,4.88955064788935
673,DI,Grand Canyon,Jamie,Walsh,31.510494640534702,3.2851354975572438
674,DI,New Orleans,Maxine,Walsh,20.51093951367159,4.622627668274997
675,DI,Arizona,Sara,Watanabe,20.332862956760103,6.338290729614316
676,DI,Boise State,Maya,Watkins,21.835038924109433,4.97062632946116
677,DI,Hawaii,Laurel,Weaver,43.55487801956908,2.6476438730369125
678,DI,ULM,McKenna,Webster,17.350061981971134,6.712840626161058
679,DI,Georgia State,Brooke,Weiner,38.23672641754084,2.8437976982168265
680,DI,Abilene Christian,Amy,Weiss,14.729050092109583,5.011656506717474
681,DI,TCU,Jordan,Westendorf,32.673756067529546,3.0117841017436935
682,DI,Houston Baptist,Danielle,Wheeler,21.278467999666223,3.758011806167138
683,DI,FGCU,Kayla,Whetstone,28.172708272159436,3.347260507171277
684,DI,LMU,Kekai,Whitford,24.31671812953193,3.8020139001165107
685,DI,Cal State Bakersfield,Sydney,Wicks,14.501567753465517,5.832225788214663
686,DI,TCU,Kristy,Wieser,28.645100640360894,5.00470780804633
687,DI,Saint Mary's,Madi,Wilkerson,27.813206813696052,3.640010029856188
688,DI,Jacksonville State,Katie,Will,23.853740002999572,4.905502032966725
689,DI,Portland,Carey,Williams,28.916998814804295,4.79867013365209
690,DI,Cal State Northridge,Nickeisha,Williams,25.9611412607328,3.985098340278245
691,DI,South Carolina,Shannon,Williams,42.93280656393912,3.047557338650814
692,DI,New Mexico,Abbey,Wilson,22.52035687935999,3.8709511089824837
693,DI,Coastal Carolina,Kinga,Windisch,20.319788513062047,4.630053410358397
694,DI,Pacific,Skylar,Wine,34.802592069599044,3.6787909150091314
695,DI,Mercer,Emilee,Wissmach,22.307951588614525,4.694757036807056
696,DI,ASU,Kara,Woodard,25.24589168334427,5.064346864617338
697,DI,Houston Baptist,Jessica,Wooten,48.07320379779415,3.359193324732422
698,DI,UNF,Callie,Workman,27.308083151311074,3.706153250280026
699,DI,Cal Poly SLO,Kassandra,Wright,25.0,8.333333333333334
700,DI,Missouri State,Lynsey,Wright,20.402079736442015,5.037176659260545
701,DI,UCLA,Madi,Yeomans,35.49643634541765,3.5275977366266296
702,DI,LSU,Kahlee,York,28.560169853708906,7.5087228149291425
703,DI,Texas A&M Corpus Christi,Rachel,Young,31.477513660052256,3.9461137607404217
704,DI,LSU,Riley,Young,31.4320458942578,2.820508858696129
705,DI,Saint Mary's,Sienna,Young,28.410218456793725,3.8027626253156877
706,DI,Hawaii,Hannah,Zalopany,36.06087759659805,2.8111885182318885
707,DI,UCLA,Elise,Zappia,39.064638992014956,2.611037208384868
708,DI,San Jose State University,Kaitlynn,Zdroik,20.102875986113673,4.219001131873908
709,DI,FIU,Erika,Zembyla,35.473685493545375,3.229849386424636
