,division,rank,name,rating,playerid,college,primary position,date
0,DI,1,Abril Bustamante,80.52137010890476,28,USC,1,2018-05-05
1,DI,2,Megan McNamara,78.41152530742905,1,UCLA,1,2018-05-06
2,DI,3,Nicole McNamara,78.41152530742905,2,UCLA,1,2018-05-06
3,DI,4,Tina Graudina,76.58993781048605,1056,USC,1,2018-05-05
4,DI,5,Victoria Paranagua,74.57858954878873,16,Florida State,1,2018-05-05
5,DI,6,Ka'iwi Schucht,73.03647959182926,754,Hawaii,1,2018-05-06
6,DI,7,Emily Maglio,73.03647959182926,764,Hawaii,1,2018-05-06
7,DI,8,Claire Coppola,70.33112722049479,103,LSU,1,2018-05-05
8,DI,9,Kristen Nuss,70.33112722049479,102,LSU,1,2018-05-05
9,DI,10,Sasha Karelov,68.75480144736002,71,Long Beach State,1,2018-04-28
10,DI,11,Vanessa Freire,68.35670138899013,13,Florida State,1,2018-05-05
11,DI,12,Sarah Sponcil,67.55157348924236,247,UCLA,2,2018-05-06
12,DI,13,Sunny Villapando,67.10607371910235,1212,Stanford,1,2018-04-27
13,DI,14,Nele Barber,66.95222890933816,65,Long Beach State,1,2018-04-28
14,DI,15,Corinne Quiggle,66.92459656113834,209,Pepperdine,2,2018-05-05
15,DI,16,Kaylie Mchugh,66.76305806100889,33,Tulane,1,2018-04-21
16,DI,17,Madeline Mertz,66.76305806100889,35,Tulane,1,2018-04-21
17,DI,18,Katie Horton,65.88983527807807,17,Florida State,2,2018-05-06
18,DI,19,Lily Justine,65.55157348924239,9,UCLA,2,2018-05-06
19,DI,20,Federica Frasca,65.1599804817992,293,FIU,1,2018-05-04
20,DI,21,Hailey Luke,64.93540200042355,743,Florida State,2,2018-05-06
21,DI,22,Deahna Kraft,64.92459656113837,219,Pepperdine,2,2018-05-05
22,DI,23,Morgan Martin,64.90354432578272,763,Hawaii,2,2018-05-06
23,DI,24,Katie Smith,64.48941738750763,116,South Carolina,2,2018-05-04
24,DI,25,Sammy Slater,64.44231367183437,1053,USC,2,2018-05-05
25,DI,26,Madalyn Roh,64.10843757561287,213,Pepperdine,1,2018-05-05
26,DI,27,Aeriel Horton,63.764827338220606,392,Houston Baptist,1,2018-04-22
27,DI,28,Jessica Wooten,63.764827338220606,393,Houston Baptist,1,2018-04-22
28,DI,29,Margherita Bianchin,63.15998048179923,292,FIU,1,2018-05-04
29,DI,30,Rachel Nieto,63.02244182500154,66,Long Beach State,2,2018-04-28
30,DI,31,Mima Mirkovic,62.929697835798045,1085,Cal,1,2018-04-28
31,DI,32,Terese Cannon,62.45670482523232,26,USC,2,2018-05-05
32,DI,33,Lea Monkhouse,62.14114071771698,1071,Hawaii,2,2018-05-06
33,DI,34,Brook Bauer,62.10843757561284,968,Pepperdine,1,2018-05-05
34,DI,35,Teegan Van Gunst,62.069846988868846,1038,Georgia State,1,2018-04-21
35,DI,36,Annika Van Gunst,61.17120463733282,1037,Georgia State,1,2018-04-21
36,DI,37,Adore Anae,60.89763770248937,93,Utah,1,2018-04-27
37,DI,38,Dani Barton,60.89763770248937,88,Utah,1,2018-04-27
38,DI,39,Tia Miric,60.10391019162187,1198,Cal Poly SLO,1,2018-04-28
39,DI,40,Torrey Van Winden,60.10391019162187,6,Cal Poly SLO,1,2018-04-28
40,DI,41,Alexia Inman,59.82154321045486,1087,Cal,1,2018-04-28
41,DI,42,Emily Sonny,59.7945245148174,279,Cal Poly SLO,2,2018-04-28
42,DI,43,Payton Rund,59.41694483887694,187,Saint Mary's,1,2018-04-21
43,DI,44,Natalie Anselmo,58.92555507063699,136,Arizona,1,2018-04-27
44,DI,45,Olivia Macdonald,58.92555507063699,127,Arizona,1,2018-04-27
45,DI,46,Darby Dunn,58.40567085700258,403,Stetson,1,2018-04-21
46,DI,47,Sammee Thomas,58.40567085700258,945,Stetson,1,2018-04-21
47,DI,48,Kimmy Gardiner,58.24956423983781,1307,Washington,1,2018-04-28
48,DI,49,Jordan Anderson,58.24956423983781,7,Washington,1,2018-04-28
49,DI,50,Shannon Williams,57.835905405262956,121,South Carolina,1,2018-05-04
50,DI,51,Ali Denney,57.835905405262956,115,South Carolina,1,2018-05-04
51,DI,52,Savannah Slattery,57.714417458315495,244,LMU,1,2018-04-21
52,DI,53,Morgan Hughes,57.416944838876894,1351,Saint Mary's,1,2018-04-21
53,DI,54,Carly Kan,57.091405773481085,757,Hawaii,3,2018-05-06
54,DI,55,Sam Manley,56.979532068161326,126,Cal Poly SLO,2,2018-04-28
55,DI,56,Jessica Gaffney,56.96433097289415,86,Cal,2,2018-04-28
56,DI,57,McKayla Ferris,56.48944794281636,1167,LMU,1,2018-04-21
57,DI,58,Amelia Smith,56.13714245350018,1082,Stanford,2,2018-04-27
58,DI,59,Morgan Hentz,56.13714245350018,53,Stanford,2,2018-04-27
59,DI,60,Laurel Weaver,56.13073876623158,760,Hawaii,3,2018-05-06
60,DI,61,Carly Perales,55.96595681144125,401,Stetson,2,2018-04-22
61,DI,62,Sunniva Helland-Hansen,55.96595681144125,402,Stetson,2,2018-04-22
62,DI,63,Courtney Schwan,55.619719082333795,178,Washington,2,2018-04-28
63,DI,64,Hannah Towne,55.2974134630855,157,Grand Canyon,1,2018-04-19
64,DI,65,Destiny Julye,55.132255466045855,182,Washington,2,2018-04-28
65,DI,66,Megan Kruidhof,55.11687077585546,69,Long Beach State,2,2018-04-28
66,DI,67,Devon May,55.04242364161954,1375,UAB,1,2018-04-21
67,DI,68,Cadie Bates,54.82256458245157,1210,South Carolina,2,2018-05-04
68,DI,69,Courtney Bowen,54.74217533316269,47,Stanford,3,2018-04-27
69,DI,70,Sara Putt,54.67578603969549,1012,Florida State,3,2018-05-06
70,DI,71,Molly Turner,54.60874739259859,152,Grand Canyon,1,2018-04-19
71,DI,72,Haven Hill,54.56893925262133,323,TCU,1,2018-04-15
72,DI,73,Cassie House,54.56893925262133,335,TCU,1,2018-04-15
73,DI,74,Nicole Lott,54.49553437839772,454,UNC Wilmington,1,2018-04-21
74,DI,75,Maddy Kline,54.49553437839771,449,UNC Wilmington,1,2018-04-21
75,DI,76,Haleigh Nelson,54.46278596509858,936,LSU,2,2018-05-05
76,DI,77,Kenley Adams,54.33092228959362,497,UAB,1,2018-04-21
77,DI,78,Macy Jerger,54.246903824567646,15,Florida State,3,2018-05-06
78,DI,79,Tiffany Creamer,53.93298086171687,405,Georgia State,2,2018-04-21
79,DI,80,Savvy Simo,53.74867471099068,745,UCLA,3,2018-05-06
80,DI,81,Iya Lindahl,53.74079909338595,79,Cal,2,2018-04-28
81,DI,82,Sara Kovac,53.72765513342385,250,LMU,2,2018-04-21
82,DI,83,Lindsey Knudsen,53.59264653834232,190,Saint Mary's,2,2018-04-21
83,DI,84,Zana Muno,53.533088430878834,1019,UCLA,3,2018-05-06
84,DI,85,Brooke Weiner,53.41247411276566,467,Georgia State,2,2018-04-21
85,DI,86,Jessie Prichard,53.40101819660742,252,LMU,2,2018-04-21
86,DI,87,Haley Hallgren,52.794329198815305,1055,USC,3,2018-05-05
87,DI,88,Amanda Silva,52.788209074911805,1043,FAU,1,2018-04-21
88,DI,89,Taylor Nelson,52.58550136819581,276,Cal Poly SLO,3,2018-04-28
89,DI,90,Courtney Miller,52.452986732684,490,UNF,1,2018-04-22
90,DI,91,Carina Hoff,52.452986732684,1021,UNF,1,2018-04-22
91,DI,92,Janell Walley,51.74330096973709,263,Boise State,1,2018-04-21
92,DI,93,Sabryn Roberts,51.74330096973709,260,Boise State,1,2018-04-21
93,DI,94,Emily Bible,51.592646538342294,186,Saint Mary's,2,2018-04-21
94,DI,95,Carly Scarborough,51.46050013360816,797,FAU,1,2018-04-21
95,DI,96,Hayley Tippett,51.16669939012009,352,Central Arkansas,1,2018-04-22
96,DI,97,Megan Nash,51.16669939012009,353,Central Arkansas,1,2018-04-22
97,DI,98,Jessalyn Kinlaw,51.155726800769614,299,FAU,2,2018-04-21
98,DI,99,Tarin Mergener,50.10607570968865,34,Tulane,2,2018-04-21
99,DI,100,Hunter Domanski,49.733331790592075,932,LSU,3,2018-05-05
100,DI,101,Gigi Hernandez,49.596996439042265,212,Pepperdine,3,2018-05-05
101,DI,102,Heidi Dyer,49.59699643904223,218,Pepperdine,3,2018-05-05
102,DI,103,Taryn Griffey,49.584391850818385,482,UNF,2,2018-04-22
103,DI,104,Chaney Howard,49.584391850818385,489,UNF,2,2018-04-22
104,DI,105,Karissa Rhoades,49.52855161456959,501,FGCU,2,2018-04-22
105,DI,106,Mandi Orellana,49.442520299430974,113,LSU,2,2018-05-05
106,DI,107,Kayla Armer,49.24996230409876,1007,Houston Baptist,2,2018-04-22
107,DI,108,Tori Hinojosa,49.24996230409876,387,Houston Baptist,2,2018-04-22
108,DI,109,Lan Nguyen,49.224735421363945,37,Tulane,2,2018-04-21
109,DI,110,Gabrielle Dischler,49.1557268007696,297,FAU,2,2018-04-21
110,DI,111,Mackenzie Allen,48.93209374487816,510,FGCU,1,2018-04-22
111,DI,112,Amanda Carroll,48.93209374487815,508,FGCU,1,2018-04-22
112,DI,113,Shayne Mcpherson,48.56940766796309,177,Washington,3,2018-04-28
113,DI,114,Carly Dehoog,48.56940766796309,183,Washington,3,2018-04-28
114,DI,115,Katja Ehlers,47.93153244289136,440,College of Charleston,1,2018-04-21
115,DI,116,Katie Sato,47.67935992736835,223,Cal State Northridge,1,2018-04-27
116,DI,117,Aeryn Owens,47.67935992736835,222,Cal State Northridge,1,2018-04-27
117,DI,118,Olivia Stasevich,47.35181960060869,468,Georgia State,3,2018-04-21
118,DI,119,Erika Zembyla,47.175617490241294,496,FIU,2,2018-05-04
119,DI,120,Lina Bernier,47.12401870820854,285,FIU,3,2018-05-04
120,DI,121,Amy Ozee,47.03633865121845,755,Hawaii,4,2018-05-06
121,DI,122,Ari Homayun,47.03633865121845,761,Hawaii,4,2018-05-06
122,DI,123,Dorina Klinger,46.98976758406026,840,FIU,2,2018-05-04
123,DI,124,Elise Zappia,46.918960970194554,5,UCLA,4,2018-05-06
124,DI,125,Adlee Van Winden,46.9183870545884,278,Cal Poly SLO,3,2018-04-28
125,DI,126,Mia Rivera,46.837862199339696,151,ASU,1,2018-04-27
126,DI,127,Kate Formico,46.800835513292114,1073,Stanford,3,2018-04-27
127,DI,128,Georgia Johnson,46.712350124179444,460,Georgia State,3,2018-04-21
128,DI,129,Hailey Harward,46.65472053073689,73,Long Beach State,3,2018-04-28
129,DI,130,Desiree Sukhov,46.3437044151734,1455,Cal State Bakersfield,2,2018-04-28
130,DI,131,Krissy Mummey,46.273418675885296,444,College of Charleston,1,2018-04-21
131,DI,132,Devon Rachel,45.590031814952255,441,College of Charleston,2,2018-04-21
132,DI,133,Kacey Nady,45.550331198653936,929,Arizona,2,2018-04-27
133,DI,134,Carly Schneider,45.33898392138851,119,South Carolina,3,2018-05-04
134,DI,135,Victoria Corcoran,45.302538456982944,526,New Orleans,2,2018-04-22
135,DI,136,Kathryn Plummer,45.27416356804068,58,Stanford,1,2018-03-27
136,DI,137,Kristyna Adamcikova,45.16352784930341,1114,Long Beach State,3,2018-04-27
137,DI,138,Skylar Caputo,45.122131496807604,210,Pepperdine,4,2018-05-05
138,DI,139,Alexis Filippone,45.122131496807604,970,Pepperdine,4,2018-05-05
139,DI,140,Jaelyn Greene,45.02812373210497,318,TCU,2,2018-04-15
140,DI,141,Jillian Bergeson,45.028123732104966,952,TCU,2,2018-04-15
141,DI,142,Brooke Kuhlman,45.027301837364504,12,Florida State,4,2018-05-06
142,DI,143,Kwyn Johnson,45.00294938107396,144,ASU,1,2018-04-27
143,DI,144,Rachel Kuhn,44.54459423398785,530,New Orleans,1,2018-04-22
144,DI,145,Joy Dennis,44.44233994179609,29,USC,3,2018-05-05
145,DI,146,Molly Scheel,44.41321792142697,796,TCU,3,2018-04-15
146,DI,147,Roni Long,44.38121714456363,1313,Pacific,2,2018-04-21
147,DI,148,Skylar Wine,44.348419942460566,315,Pacific,1,2018-04-21
148,DI,149,Mckala Rhodes,44.09680620279813,439,College of Charleston,2,2018-04-21
149,DI,150,Erica Brok,44.08562146966154,1040,FAU,3,2018-04-21
150,DI,151,Rachel Noble,44.05291898570851,778,Stetson,3,2018-04-22
151,DI,152,Katherine Puisis,44.03397347278141,503,FGCU,2,2018-04-22
152,DI,153,Hailey Devlin,43.964778858334796,131,Arizona,3,2018-04-27
153,DI,154,Abigail Devido,43.912166836812574,1874,Texas A&M Corpus Christi,1,2018-04-20
154,DI,155,Selina Marolf,43.912166836812574,1877,Texas A&M Corpus Christi,1,2018-04-20
155,DI,156,Sydney Haynes,43.85505010943388,1969,Cal State Bakersfield,1,2018-04-28
156,DI,157,Emily Hansen,43.85505010943388,1449,Cal State Bakersfield,1,2018-04-28
157,DI,158,Katie Krawczyk,43.81229143429267,470,Jacksonville,1,2018-04-21
158,DI,159,Molly McBain,43.74335347471143,18,Florida State,4,2018-05-06
159,DI,160,Morgan Dees,43.611523704277104,474,Jacksonville,1,2018-04-21
160,DI,161,Stephany Purdue,43.46673339371204,928,Arizona,3,2018-04-27
161,DI,162,Francesca Goncalves,43.415840886642016,14,Florida State,5,2018-05-06
162,DI,163,Erin Martin,43.314397905556994,1300,New Mexico,1,2018-04-21
163,DI,164,Maddie Irwin,43.31439790555698,1298,New Mexico,1,2018-04-21
164,DI,165,Olivia Powers,43.256441270540016,104,LSU,3,2018-05-05
165,DI,166,Melissa Powell,43.21967975402461,2111,Utah,2,2018-04-27
166,DI,167,Giovanna Borgiotti,43.11113355222392,505,FGCU,3,2018-04-22
167,DI,168,Ashley Glickert,43.11113355222392,509,FGCU,3,2018-04-22
168,DI,169,Avei Logoleo,42.977912003597346,495,UAB,2,2018-04-21
169,DI,170,Katie Friesen,42.95647399242313,818,FIU,3,2018-05-04
170,DI,171,Ellyson Lundberg,42.87115089374445,149,ASU,3,2018-04-27
171,DI,172,Kiley Lewis,42.81183854208478,1223,Boise State,2,2018-04-21
172,DI,173,Nandyala Gama,42.75137467823785,420,San Jose State University,1,2018-04-20
173,DI,174,Veronica Corcoran,42.75099533673776,522,New Orleans,2,2018-04-22
174,DI,175,Julia Mannisto,42.652798536070065,118,South Carolina,3,2018-05-04
175,DI,176,Cara Sander,42.48619692877881,529,New Orleans,1,2018-04-22
176,DI,177,Jessica Stansfield,42.38740283882746,160,Grand Canyon,2,2018-04-19
177,DI,178,Leah Hardeman,42.38265847907925,789,Coastal Carolina,2,2018-04-14
178,DI,179,Olivia Hallaran,42.30248443879901,133,Arizona,2,2018-04-27
179,DI,180,Anna Chin,42.20457521502064,41,Tulane,3,2018-04-21
180,DI,181,Emma Doud,42.14918155663519,249,LMU,3,2018-04-21
181,DI,182,Lyndi Scholl,42.051578406345584,427,San Jose State University,1,2018-04-20
182,DI,183,Rachel Young,41.94868176722484,1871,Texas A&M Corpus Christi,2,2018-04-22
183,DI,184,Madison Green,41.948681767224805,608,Texas A&M Corpus Christi,2,2018-04-22
184,DI,185,Madison Dueck,41.92490521881748,807,Cal,3,2018-04-28
185,DI,186,Bryce Bark,41.92490521881747,80,Cal,3,2018-04-28
186,DI,187,Sarah Garrow,41.89225554729689,433,Cal State Bakersfield,2,2018-04-28
187,DI,188,Nicci Reinking,41.88673088486091,1110,Long Beach State,4,2018-04-28
188,DI,189,Alex Holt,41.79372058694714,313,Pacific,3,2018-04-21
189,DI,190,Katrin Gotterba,41.79372058694714,307,Pacific,3,2018-04-21
190,DI,191,Gracie Garanich,41.78097837510243,990,Mercer,3,2018-04-21
191,DI,192,Jessica Martinez,41.64696638536393,1242,Central Arkansas,2,2018-04-22
192,DI,193,Aleksandra Djuric,41.61102014495044,586,Coastal Carolina,2,2018-04-14
193,DI,194,Zoi Konstantopoulou,41.50171698880403,64,Long Beach State,4,2018-04-28
194,DI,195,Katelyn Carballo,41.32776461241826,143,ASU,3,2018-04-27
195,DI,196,Anabela Sataric,41.20079667410744,294,FIU,2,2018-05-04
196,DI,197,Mackenzie Morris,41.17092960918305,1044,FAU,3,2018-04-21
197,DI,198,Tawnee Luafalemana,41.15203223799987,94,Utah,2,2018-04-27
198,DI,199,Madi Yeomans,41.14092661312765,4,UCLA,3,2018-04-28
199,DI,200,Emmy Allen,41.034757242206126,100,LSU,4,2018-05-04
200,DI,201,Raeann Greisen,40.95111993530629,284,Cal Poly SLO,4,2018-04-28
201,DI,202,Halle Hunt,40.933043227219116,452,UNC Wilmington,2,2018-04-21
202,DI,203,Eastyn Baleto,40.92040726166189,329,New Mexico,2,2018-04-21
203,DI,204,Mac May,40.847162272828236,1017,UCLA,4,2018-05-06
204,DI,205,JM Lewandowski,40.84500538887084,1918,UNC Wilmington,2,2018-04-21
205,DI,206,Ashley Allmer,40.75693585702465,882,LSU,2,2018-04-08
206,DI,207,Anete Brinke,40.654021737283834,72,Long Beach State,2,2018-04-28
207,DI,208,Annika Albrecht,40.65232716557303,242,Nebraska,2,2018-03-23
208,DI,209,Leah Perri,40.55569332378873,996,South Carolina,4,2018-05-04
209,DI,210,Macie Tendrich,40.55569332378873,120,South Carolina,4,2018-05-04
210,DI,211,Jonny Baham,40.42622679979466,927,Arizona,4,2018-04-27
211,DI,212,Cammie Dorn,40.354496700049005,752,USC,3,2018-05-05
212,DI,213,Kayla Gallant,40.303788303117415,1635,ULM,2,2018-04-14
213,DI,214,Maddie Ligon,40.14302791720242,107,LSU,5,2018-05-04
214,DI,215,Izzy Carey,40.105062979826045,8,UCLA,5,2018-05-06
215,DI,216,Megan Muret,40.105062979826045,1048,UCLA,5,2018-05-06
216,DI,217,Grace Convey,39.978998777074175,604,ULM,1,2018-04-14
217,DI,218,Eva Torruella,39.96776987919062,19,Florida State,5,2018-04-22
218,DI,219,Lauren Orlich,39.96444804201663,964,Tulane,3,2018-04-21
219,DI,220,Anna Crabtree,39.94721998441967,184,Washington,4,2018-04-28
220,DI,221,Jenna Belton,39.79515564897616,30,USC,4,2018-05-05
221,DI,222,Taylor Jarzombek,39.769486593334946,978,Grand Canyon,3,2018-04-17
222,DI,223,Samantha Harris,39.71216518353267,404,Stetson,3,2018-04-22
223,DI,224,Rebecca Brown,39.60871285682933,596,ULM,3,2018-04-14
224,DI,225,Catherine Griffith,39.60871285682933,598,ULM,3,2018-04-14
225,DI,226,Mackenzie Swan,39.6024162331388,473,Jacksonville,1,2018-04-22
226,DI,227,Sarah Chase,39.46852574644604,193,Saint Mary's,3,2018-04-21
227,DI,228,Mary Hernandez,39.468525746446026,195,Saint Mary's,3,2018-04-21
228,DI,229,Maile Sellers,39.39574280629266,1636,ULM,2,2018-04-14
229,DI,230,Jensyn Bledsoe,39.35906865486012,316,TCU,3,2018-04-15
230,DI,231,Sarah Davis,39.278931892122536,628,"Cal State University, Sacramento",1,2018-04-27
231,DI,232,Veronica Nederend,39.204917968352746,245,LMU,3,2018-04-21
232,DI,233,Gabby Love,39.190916106019976,601,ULM,1,2018-04-14
233,DI,234,Lauren Twitty,39.117938561096466,337,New Mexico,2,2018-04-21
234,DI,235,Julia Topor,39.082168316857214,1507,USF,1,2018-04-20
235,DI,236,Anna Dalla Vecchia,39.082168316857214,1502,USF,1,2018-04-20
236,DI,237,Sophie Peel,39.06941501814725,341,Mercer,1,2018-04-21
237,DI,238,Kacy Ogden,39.06941501814725,993,Mercer,1,2018-04-21
238,DI,239,Caroline Schafer,38.98549790685265,1084,Cal,4,2018-04-28
239,DI,240,Lauren Stivrins,38.967574880947836,234,Nebraska,1,2018-03-23
240,DI,241,Katie Pyles,38.964688699526604,981,Grand Canyon,2,2018-04-19
241,DI,242,Megan Davenport,38.809727827477786,108,LSU,4,2018-05-04
242,DI,243,Brindl Langley,38.79282425970805,1225,Boise State,2,2018-04-21
243,DI,244,Amber Gibson,38.719621820791005,345,Mercer,3,2018-04-21
244,DI,245,Maddie Micheletti,38.71905692092136,1086,Cal,5,2018-04-28
245,DI,246,Kennedy Madison,38.71251040115069,437,College of Charleston,3,2018-04-21
246,DI,247,Riana Brennan,38.71251040115068,438,College of Charleston,3,2018-04-21
247,DI,248,Catherine Raquel,38.209216028201844,59,Stanford,3,2018-04-27
248,DI,249,Brooke Burling,38.198702006808446,132,Arizona,4,2018-04-27
249,DI,250,Lauren Durham,37.96639721292301,398,Stetson,4,2018-04-22
250,DI,251,Andie Shelton,37.93363883757563,306,Pacific,1,2018-04-21
251,DI,252,Taija Thomas,37.8824534445152,288,FIU,5,2018-05-04
252,DI,253,Tani Stephens,37.84848711392456,273,Portland,1,2018-04-20
253,DI,254,Cali Thompson,37.84848711392456,268,Portland,1,2018-04-20
254,DI,255,Hannah Zalopany,37.83063312293227,758,Hawaii,5,2018-05-06
255,DI,256,Veronica Snelling,37.76492186376876,1660,Missouri State,1,2018-04-14
256,DI,257,Taylor Fricano,37.76492186376876,1654,Missouri State,1,2018-04-14
257,DI,258,Bella Baumann,37.69962692375002,975,Grand Canyon,3,2018-04-19
258,DI,259,Kelly Hunter,37.69384448417095,232,Nebraska,1,2018-03-23
259,DI,260,Chloe Crappell,37.544777190423204,800,New Mexico,3,2018-04-21
260,DI,261,Grace Campbell,37.366695049040686,82,Cal,5,2018-04-28
261,DI,262,Aly Brinkley,37.36270741601645,1238,Central Arkansas,2,2018-04-22
262,DI,263,Kennedy Kurtz,37.26592333195101,627,"Cal State University, Sacramento",2,2018-04-27
263,DI,264,Mikaela Nocetti,37.089109753859844,1232,"Cal State University, Sacramento",1,2018-04-27
264,DI,265,Nikki Lyons,37.028332746625544,819,Pepperdine,5,2018-05-05
265,DI,266,Mia Merino,37.00613472764427,78,Cal,4,2018-04-28
266,DI,267,Katie McCullough,36.88200661112436,453,UNC Wilmington,3,2018-04-21
267,DI,268,Brynn Montgomery,36.69827912030368,1922,UNC Wilmington,4,2018-04-21
268,DI,269,Paige Dreeuws,36.66473261995432,1061,Hawaii,5,2018-05-06
269,DI,270,Savannah Siegrist,36.6186373817404,1270,Jacksonville,1,2018-04-22
270,DI,271,Nickeisha Williams,36.57727401436371,226,Cal State Northridge,2,2018-04-27
271,DI,272,Kristey Markle,36.57727401436371,221,Cal State Northridge,2,2018-04-27
272,DI,273,Makenna Martin,36.51203122415069,1523,Arizona,5,2018-04-27
273,DI,274,Cecily Gable,36.36159237337606,657,Austin Peay State,1,2018-04-20
274,DI,275,Ginny Gerig,36.36159237337606,659,Austin Peay State,1,2018-04-20
275,DI,276,Haley Howell,36.316848947459604,1503,USF,2,2018-04-20
276,DI,277,Carly Lowry,36.316848947459604,410,USF,2,2018-04-20
277,DI,278,Brooke Sassin,36.29827010945531,951,TCU,5,2018-04-15
278,DI,279,Colene Hamilton,36.29656171116195,1241,Central Arkansas,4,2018-04-22
279,DI,280,Kristine Hjembo,36.29656171116195,354,Central Arkansas,4,2018-04-22
280,DI,281,Lauren Freed,36.270381311572,445,College of Charleston,4,2018-04-21
281,DI,282,Allison Beckman,36.270381311572,442,College of Charleston,4,2018-04-21
282,DI,283,Erica Ronda,36.243135375916616,1506,USF,3,2018-04-20
283,DI,284,Macy Gordon,36.222707428600636,1191,Cal Poly SLO,4,2018-04-28
284,DI,285,Amie Held,36.13308673515674,459,Georgia State,4,2018-04-21
285,DI,286,Katie Sarber,36.096083534550296,984,Grand Canyon,4,2018-04-19
286,DI,287,Lindsey Calvin,36.03011932223953,768,Saint Mary's,4,2018-04-21
287,DI,288,Nicole DeBolt,36.025264034765954,483,UNF,4,2018-04-22
288,DI,289,Madilyn McCarty,36.02526403476593,1026,UNF,4,2018-04-22
289,DI,290,Marisa Ramsey,35.780091523762025,1113,Long Beach State,5,2018-04-28
290,DI,291,Hannah Matt,35.780091523762025,75,Long Beach State,5,2018-04-28
291,DI,292,Callie Workman,35.71489645488106,1029,UNF,3,2018-04-22
292,DI,293,Ashley Delgado,35.704784362796005,965,Tulane,4,2018-04-21
293,DI,294,Madison Besterfield,35.53763681517289,1078,FIU,3,2018-03-31
294,DI,295,Addison Hermstad,35.2650401909474,960,Tulane,4,2018-04-21
295,DI,296,Payton Chang,35.129163819708175,48,Stanford,4,2018-04-27
296,DI,297,Emily Martinez,34.85597681815209,492,UAB,3,2018-04-21
297,DI,298,Jessica Clark,34.84575626048028,156,Grand Canyon,5,2018-04-19
298,DI,299,Jensen Allen,34.83259955336702,255,Boise State,3,2018-04-21
299,DI,300,Hannah Hubbard,34.83181678882855,275,Cal Poly SLO,5,2018-04-28
300,DI,301,Kellie Pernula,34.78522708703486,939,FGCU,5,2018-04-13
301,DI,302,Katrina Kernochan,34.69786948117315,750,USC,5,2018-04-10
302,DI,303,Kenzie Maloney,34.68479471632348,236,Nebraska,2,2018-03-23
303,DI,304,Julia Golbeck,34.61830544896656,421,San Jose State University,2,2018-04-20
304,DI,305,Ciara Reistad,34.61830544896655,775,San Jose State University,2,2018-04-20
305,DI,306,Kara Woodard,34.58674882207675,1202,ASU,2,2018-04-15
306,DI,307,Mariana Dal Pozzo,34.546567945508926,1246,FIU,5,2018-04-22
307,DI,308,Hi'ilawe Huddleston,34.44224956637285,766,Hawaii,5,2018-04-15
308,DI,309,Dora Lulic,34.41181889162634,583,Coastal Carolina,1,2018-04-14
309,DI,310,Carla Cahill,34.41181889162634,585,Coastal Carolina,1,2018-04-14
310,DI,311,Tressa Buckland,34.38227807440951,824,UAB,4,2018-04-21
311,DI,312,Jamie Walsh,34.29151692444051,839,Grand Canyon,5,2018-04-19
312,DI,313,Mariana De Paula Silva,34.27533044200763,816,FIU,5,2018-04-13
313,DI,314,Kelli Iverson,34.1462130718527,159,Grand Canyon,1,2018-03-31
314,DI,315,Katie Will,33.95797358136347,520,Jacksonville State,1,2018-04-20
315,DI,316,Frances Giedraitis,33.9348822236619,145,ASU,2,2018-04-27
316,DI,317,Yasmin Tan,33.91353898430163,1296,New Mexico,3,2018-04-21
317,DI,318,Briannah Mariner,33.90923621670517,1451,Cal State Bakersfield,3,2018-04-28
318,DI,319,Lana Brown,33.898321679357885,625,"Cal State University, Sacramento",2,2018-04-27
319,DI,320,Rio Frohoff,33.894935138908316,961,Tulane,4,2018-04-21
320,DI,321,Maycie LaBass,33.88663429904227,314,Pacific,1,2018-04-21
321,DI,322,Bailey Banks,33.717752222408414,391,Houston Baptist,3,2018-04-22
322,DI,323,Katya Silveira,33.717752222408414,1002,Houston Baptist,3,2018-04-22
323,DI,324,Sydney Palmer,33.68955415731728,146,ASU,2,2018-04-15
324,DI,325,Natalia Giron,33.5992777317905,290,FIU,4,2018-05-04
325,DI,326,Estefanie Bethancourt,33.5992777317905,291,FIU,4,2018-05-04
326,DI,327,Brittany Pase,33.58218030881227,480,UNF,3,2018-04-22
327,DI,328,Hannah Rogers,33.55733548496325,953,TCU,4,2018-04-15
328,DI,329,Hanne De Schrijver,33.55075396570976,1311,Pacific,4,2018-04-21
329,DI,330,Mia Mason,33.441460754459094,135,Arizona,3,2018-03-31
330,DI,331,Jordan Westendorf,33.36564441567132,955,TCU,5,2018-04-15
331,DI,332,Kate Novack,33.299188475824266,463,Georgia State,4,2018-04-21
332,DI,333,Caitlin Keefe,33.26079385638201,55,Stanford,4,2018-04-27
333,DI,334,Aleksandra Djordjevic,33.23329185840221,1970,Cal State Bakersfield,3,2018-04-28
334,DI,335,Carey Williams,33.18393672502265,1320,Portland,3,2018-04-20
335,DI,336,Julia Lewkowicz,33.045723407217515,301,FAU,5,2018-04-21
336,DI,337,Meagan McCall,33.01368565907434,1034,Georgia State,3,2018-03-24
337,DI,338,Morgan Robinson,32.945718077334156,266,Portland,2,2018-04-20
338,DI,339,Katie Barker,32.945718077334156,269,Portland,2,2018-04-20
339,DI,340,Lilly Kessler,32.92672641750794,101,LSU,5,2018-04-15
340,DI,341,Claire Newlander,32.91563772873023,1112,Long Beach State,4,2018-04-28
341,DI,342,Snowy Burnam,32.78509979301605,1243,FGCU,4,2018-04-22
342,DI,343,Kayla Whetstone,32.78509979301605,940,FGCU,4,2018-04-22
343,DI,344,Maddie Dilfer,32.75538875013726,969,Pepperdine,5,2018-05-05
344,DI,345,Kaila Dorish,32.681469031721164,1046,FAU,4,2018-04-21
345,DI,346,Madison Fitzpatrick,32.681340714311574,1014,Florida State,5,2018-05-06
346,DI,347,Raquel Rooney,32.67372992098193,456,UNC Wilmington,4,2018-04-21
347,DI,348,Stephanie Pollnow,32.62713724947966,355,Central Arkansas,3,2018-04-22
348,DI,349,Natalie Robinson,32.5881776833191,1976,Washington,4,2018-04-28
349,DI,350,Rebecca Ingram,32.50885467366731,948,Stetson,5,2018-04-22
350,DI,351,Alexa Richardson,32.4956487213957,892,Stetson,4,2018-04-14
351,DI,352,Samantha Plaster,32.457396915490946,1207,ASU,5,2018-04-27
352,DI,353,Kelsey Knudsen,32.45547748791084,1352,Saint Mary's,4,2018-04-21
353,DI,354,Maddie Leiphardt,32.400537811707885,229,LMU,4,2018-04-21
354,DI,355,Kristen Mead,32.39653663633077,202,Santa Clara,1,2018-04-20
355,DI,356,Lindsey Vander Weide,32.329072722281836,166,Oregon,1,2018-04-26
356,DI,357,Mallory Mattingly,32.294774936318134,2072,Jacksonville,2,2018-04-22
357,DI,358,Alaina Chacon,32.17149295530538,1011,Florida State,4,2018-04-15
358,DI,359,Julie Varga,32.17055540767675,793,Stetson,4,2018-04-22
359,DI,360,Hailey Lindberg,32.16914890195105,208,Santa Clara,1,2018-04-20
360,DI,361,Erin Bognar,32.160237508052084,956,UAB,2,2018-04-21
361,DI,362,Nicole Navarro,32.14848002948318,304,FAU,4,2018-04-21
362,DI,363,Elli Merchant,32.12113966803309,992,Mercer,4,2018-04-21
363,DI,364,Mattie Johnson,32.094251787559614,1033,Georgia State,3,2018-03-24
364,DI,365,Taylor Poncetta,32.024753988040985,308,Pacific,5,2018-04-21
365,DI,366,Candice Denny,32.020439869992,1947,Arizona,3,2018-02-25
366,DI,367,Lydia Dimke,31.98919308421582,1209,South Carolina,5,2018-05-04
367,DI,368,Chandler Clark,31.945178418644044,683,Morehead State,2,2018-04-20
368,DI,369,MC Rogers,31.85918428647795,359,Central Arkansas,4,2018-04-22
369,DI,370,Morgan Kendrick,31.855629073167403,1354,Saint Mary's,5,2018-04-11
370,DI,371,Kate Baldwin,31.828797907933158,1199,ASU,5,2018-04-27
371,DI,372,Maja Kaiser,31.754560314933858,1052,USC,5,2018-05-05
372,DI,373,Riley Young,31.707054070224757,112,LSU,5,2018-05-04
373,DI,374,Logan Manusky,31.68475508795032,1470,College of Charleston,5,2018-04-21
374,DI,375,Bailey Choy,31.66133718978561,95,Utah,4,2018-04-27
375,DI,376,Alexandra Poletto,31.48524433866872,1482,USC,5,2018-05-05
376,DI,377,Jamie Stivers,31.476057706536587,1226,Cal Poly SLO,4,2018-04-08
377,DI,378,Heather Pembroke,31.466692796193193,283,Cal Poly SLO,5,2018-04-28
378,DI,379,Katie Cross,31.45120514998535,150,ASU,4,2018-04-27
379,DI,380,Cierra Flood,31.45120514998535,1203,ASU,4,2018-04-27
380,DI,381,Taylor Foley,31.420093612180878,443,College of Charleston,5,2018-04-21
381,DI,382,Katinka Krahn,31.38633736678486,946,Stetson,4,2018-04-14
382,DI,383,Tanner Gauthier,31.384765946644773,2076,Coastal Carolina,3,2018-04-14
383,DI,384,Quinci Birker,31.3804172226606,947,Stetson,5,2018-04-22
384,DI,385,Kara Bajema,31.374602807802244,1304,Washington,5,2018-04-28
385,DI,386,Natalie Braun,31.3346378934408,769,ASU,2,2018-04-27
386,DI,387,Taylor Agost,31.28518299449207,164,Oregon,2,2018-04-26
387,DI,388,Sadie Anderson,31.183786373923862,514,Jacksonville State,1,2018-04-20
388,DI,389,Tatum Ballard,31.17200306670582,933,LSU,4,2018-03-31
389,DI,390,Megan McGrath,31.152553511072966,1045,FAU,3,2018-03-25
390,DI,391,Emily Reinking,31.152402199217516,158,Grand Canyon,5,2018-04-07
391,DI,392,Bozena Culo,31.122385467832505,1009,LMU,4,2018-04-21
392,DI,393,Kimberly Schnars,31.092711770832516,363,Central Arkansas,2,2018-04-22
393,DI,394,Natalie Honzovicova,31.05238988139316,977,Grand Canyon,4,2018-04-19
394,DI,395,Delaney Driver,31.038171993931908,599,Central Arkansas,4,2018-04-22
395,DI,396,Alexis Patterson,31.01891333637533,1118,Long Beach State,5,2018-04-15
396,DI,397,Gabbi Moreno,30.990582640822428,499,UAB,3,2018-04-21
397,DI,398,Allyssah Fitterer,30.958374895349465,1060,Hawaii,5,2018-03-18
398,DI,399,Chloe Reinig,30.876265935040806,1164,LMU,4,2018-04-20
399,DI,400,Haley Jared,30.87132284754958,500,UAB,2,2018-04-06
400,DI,401,Blake Sharp,30.870871063829217,1075,Stanford,5,2018-04-27
401,DI,402,Brennan Miller,30.867346261529033,1003,Houston Baptist,4,2018-04-22
402,DI,403,Jo Kremer,30.783129703456662,31,USC,4,2018-04-17
403,DI,404,Ali Eager,30.692129010796368,740,Florida State,3,2018-04-14
404,DI,405,Elli Gibson,30.62295928270024,988,Mercer,2,2018-04-21
405,DI,406,Brianna Vega,30.56876019782958,532,New Orleans,4,2018-04-22
406,DI,407,Jaymee-Lee Bulda,30.423675941143433,256,Boise State,3,2018-04-21
407,DI,408,Kristen Castellanos,30.41168256608081,254,LMU,5,2018-04-21
408,DI,409,Cierra Simpson,30.411682566080792,1163,LMU,5,2018-04-21
409,DI,410,Kyla Augustine,30.397944188313822,1923,UNC Wilmington,5,2018-03-25
410,DI,411,Hannah Edelman,30.35580623846848,125,South Carolina,5,2018-03-17
411,DI,412,Hannah Kirk,30.354449544239454,512,Jacksonville State,2,2018-04-20
412,DI,413,Sallianne Napolitano,30.311191598181132,958,UAB,5,2018-04-21
413,DI,414,Jordan Schumacher,30.30053388763352,1640,New Orleans,3,2018-04-22
414,DI,415,Kaitlyn Grice,30.232228638302924,1991,New Orleans,3,2018-04-22
415,DI,416,Caroline Skaff,30.048899957740158,124,South Carolina,5,2018-04-22
416,DI,417,Kristy Wieser,29.983188732413247,954,TCU,5,2018-04-15
417,DI,418,Lauren McMurray,29.886445118504703,1229,Cal State Northridge,3,2018-04-27
418,DI,419,Jenna Panning,29.874748312219904,654,Austin Peay State,2,2018-04-20
419,DI,420,Laura Parts,29.78659440518713,2044,San Jose State University,4,2018-04-20
420,DI,421,Avery Arellano,29.743986768093272,322,TCU,4,2018-04-15
421,DI,422,Camille Araujo,29.73196426096457,415,USF,3,2018-04-20
422,DI,423,Autumn Russell,29.71370217472657,228,Cal State Northridge,3,2018-04-27
423,DI,424,Erin Byrne,29.643988764426542,1077,FIU,5,2018-03-23
424,DI,425,Carolyn Cain,29.639726633650845,1022,UNF,5,2018-04-06
425,DI,426,Sienna Young,29.61466458364901,196,Saint Mary's,5,2018-04-21
426,DI,427,Mallory Waggoner,29.602463581275405,1020,UNF,5,2018-04-22
427,DI,428,Aubrey Ezell,29.565425179699574,1208,South Carolina,2,2018-04-14
428,DI,429,Luiza Andrade,29.55472848247433,417,San Jose State University,3,2018-04-20
429,DI,430,Allie Elson,29.54143477083021,462,Georgia State,5,2018-04-21
430,DI,431,Kali Fluke,29.513711537220296,1005,Houston Baptist,5,2018-04-22
431,DI,432,Kelsey Larsen,29.386400834532484,2116,Missouri State,3,2018-04-14
432,DI,433,Ryann Thomison,29.38385895469868,2112,San Jose State University,5,2018-04-20
433,DI,434,Kaylie Milton,29.376885669506166,1275,Jacksonville State,2,2018-04-15
434,DI,435,Eden Hawes,29.371571630027525,1032,Georgia State,5,2018-04-06
435,DI,436,Caroline Cordes,29.340283720637483,930,Arizona,5,2018-04-27
436,DI,437,Jessica Johnson,29.213732707690337,346,Mercer,2,2018-04-21
437,DI,438,Madi Fitzsimmons,29.203019426899754,617,Texas A&M Corpus Christi,3,2018-04-20
438,DI,439,August Raskie,29.154626855545924,802,Oregon,1,2018-04-26
439,DI,440,Shayla Schmidt,29.08555566950715,516,Jacksonville State,3,2018-04-20
440,DI,441,Madi Wilkerson,29.0710557550342,188,Saint Mary's,5,2018-04-21
441,DI,442,Jacey Smith,29.020906863528694,1409,Abilene Christian,1,2018-04-22
442,DI,443,Kendall Bosse,29.020906863528694,1410,Abilene Christian,1,2018-04-22
443,DI,444,Mattison Degarmo,29.002199564687505,771,Cal State Bakersfield,3,2018-04-28
444,DI,445,Emily Lopes,29.00219956468747,436,Cal State Bakersfield,3,2018-04-28
445,DI,446,Marina Chavez,28.964620894780243,348,Mercer,5,2018-04-21
446,DI,447,Blessings Dunn,28.896651006222356,2002,New Orleans,4,2018-04-22
447,DI,448,Ashley Bauchert,28.881775772342184,1035,Georgia State,5,2018-03-31
448,DI,449,Katie Gavin,28.87147352278965,973,Pepperdine,5,2018-03-03
449,DI,450,Taylor Bradley,28.82666531889756,110,LSU,3,2018-03-24
450,DI,451,Kaylee McClure,28.777334724114322,957,UAB,4,2018-04-21
451,DI,452,Emily Hardesty,28.743573892547918,937,LSU,5,2018-03-24
452,DI,453,Eighmy Dobbins,28.67667820118767,1406,Abilene Christian,1,2018-04-22
453,DI,454,Nikki Esposito,28.63241101745653,20,Florida State,2,2018-04-15
454,DI,455,Kinga Windisch,28.60960695138216,2075,Coastal Carolina,3,2018-04-14
455,DI,456,Gabriella Becerra,28.433322044184766,966,Tulane,4,2018-04-21
456,DI,457,Chloe Luyties,28.413875064264726,1059,Hawaii,3,2018-03-20
457,DI,458,Sarah Kelly,28.374202199358123,450,UNC Wilmington,3,2018-04-21
458,DI,459,Cristina Finan,28.28848849885108,477,Jacksonville,4,2018-04-22
459,DI,460,Rachel Evans,28.284920074898444,498,UAB,5,2018-03-02
460,DI,461,Macey Hayden,28.18566333686839,1234,"Cal State University, Sacramento",4,2018-04-27
461,DI,462,Olivia Lee,28.158322630298365,1193,Cal Poly SLO,5,2018-03-10
462,DI,463,Sjea Anderson,28.158322630298365,1195,Cal Poly SLO,5,2018-03-10
463,DI,464,Brayden Gruenewald,28.045863760492676,280,Cal Poly SLO,4,2018-04-08
464,DI,465,Summer Avery,28.03317755756595,418,San Jose State University,5,2018-04-20
465,DI,466,Sara Boothe,28.017467666231596,2109,Coastal Carolina,5,2018-04-11
466,DI,467,Lauren Petersen,27.998419677501545,1267,Jacksonville,2,2018-04-22
467,DI,468,Kahlee York,27.99084265057241,931,LSU,5,2018-03-31
468,DI,469,Berkeley Oblad,27.981275147338636,91,Utah,4,2018-04-27
469,DI,470,Josie Cole,27.898855929976353,1444,Oregon,2,2018-04-26
470,DI,471,Nicole Decker,27.871897721254577,934,LSU,3,2018-03-03
471,DI,472,Katelyn Theiss,27.846050559016515,1157,Austin Peay State,4,2018-04-20
472,DI,473,Emma Kirst,27.80307782506457,1111,Long Beach State,5,2018-04-14
473,DI,474,Jaime Thomas,27.756068619164985,1925,UNC Wilmington,5,2018-04-21
474,DI,475,Thaliana Grajeda,27.718180475623377,422,San Jose State University,4,2018-04-07
475,DI,476,Allison Kantor,27.716842897103156,200,Santa Clara,4,2018-03-03
476,DI,477,Tessie Powers,27.682042917640054,1915,Santa Clara,3,2018-04-20
477,DI,478,Kenzie Koerber,27.62630140403284,1132,Utah,3,2018-04-27
478,DI,479,Jamie McQuarrie,27.602091465209142,925,UCLA,5,2018-03-17
479,DI,480,Brooke Moore,27.442967613575497,1152,Austin Peay State,2,2018-04-20
480,DI,481,Sarah Savoca,27.38352533711971,271,Portland,3,2018-04-20
481,DI,482,Nicolette Pinkney,27.304555606786995,225,Cal State Northridge,5,2018-04-27
482,DI,483,Lauren Conati,27.304555606786995,1230,Cal State Northridge,5,2018-04-27
483,DI,484,Sami Slaughter,27.265717707786763,1289,Nebraska,3,2018-03-23
484,DI,485,Laura Gauta,27.19532095887096,1133,Utah,5,2018-04-27
485,DI,486,Chanti Holroyd,27.156995267656,10,UCLA,5,2018-03-17
486,DI,487,Emma Calle,27.131937328404184,1306,Washington,5,2018-04-20
487,DI,488,Haley Turner,27.088646528208876,1156,Austin Peay State,3,2018-04-20
488,DI,489,Paige Swinney,27.07665394531844,915,"Cal State University, Sacramento",5,2018-04-27
489,DI,490,Nicole Grant,27.045453799374307,303,FAU,3,2018-03-30
490,DI,491,Taylor Meyer,26.923118248451136,1632,ULM,4,2018-04-14
491,DI,492,Anna Unnasch,26.909414528998145,163,Grand Canyon,2,2018-03-10
492,DI,493,Avery Davis,26.904561652990456,1001,South Carolina,5,2018-03-31
493,DI,494,Katelyn Mueller,26.82689212458789,1396,Abilene Christian,3,2018-04-22
494,DI,495,Charis Ludtke,26.779017075278944,519,Jacksonville State,1,2018-04-20
495,DI,496,Kekai Whitford,26.674806161760994,246,LMU,4,2018-04-07
496,DI,497,Breann Robinson,26.582888791354044,425,San Jose State University,3,2018-04-20
497,DI,498,Mackenzie Walker,26.508420523437646,817,FIU,5,2018-03-23
498,DI,499,Abby Waldburger,26.502994138190864,889,Cal,4,2018-04-14
499,DI,500,Brianna Sizemore,26.4345841265333,1057,USC,3,2018-04-10
500,DI,501,Olivia Lohmeier,26.41860234125379,1419,Morehead State,2,2018-04-20
501,DI,502,Danielle Wheeler,26.4070539562642,395,Houston Baptist,5,2018-04-22
502,DI,503,Brittany Pellitteri,26.405408314121257,298,FAU,5,2018-04-21
503,DI,504,Skyler Takeda,26.38523813537271,623,"Cal State University, Sacramento",4,2018-04-27
504,DI,505,Julia Hanson,26.379461718251868,1655,Missouri State,2,2018-04-14
505,DI,506,Hailey Hughes,26.36570546290142,517,Jacksonville State,3,2018-04-20
506,DI,507,Jazz Sweat,26.305905650663863,1292,Nebraska,3,2018-03-23
507,DI,508,Jamie Hirai,26.28239475864814,423,San Jose State University,3,2018-04-20
508,DI,509,Brittany Velez,26.267656891065087,1468,College of Charleston,5,2018-04-14
509,DI,510,Ashley McGinn,26.135337542604947,461,Georgia State,5,2018-04-21
510,DI,511,Shannon Richardson,26.11087345245885,61,Stanford,5,2018-04-27
511,DI,512,Nina Korfhage,26.080255964268552,1158,Austin Peay State,2,2018-04-20
512,DI,513,Blaire Register,26.064367488266285,1966,UNF,3,2018-03-04
513,DI,514,Kendall Murr,25.896039550813487,1265,Jacksonville,2,2018-04-21
514,DI,515,Demi McInnis,25.72160590584558,1872,Texas A&M Corpus Christi,3,2018-04-20
515,DI,516,Gina Tillis,25.656523539406013,1159,LSU,5,2018-03-18
516,DI,517,Jennifer Laird,25.60188985141717,1353,Saint Mary's,5,2018-04-11
517,DI,518,Maya Daukas,25.588095010231864,1879,Texas A&M Corpus Christi,4,2018-04-22
518,DI,519,Jessica Manley,25.582780302448867,888,Cal Poly SLO,2,2018-04-14
519,DI,520,Franky Harrison,25.490710751084656,122,South Carolina,5,2018-05-04
520,DI,521,Claire Darland,25.434163144740594,1155,Austin Peay State,2,2018-04-20
521,DI,522,Madi Relaz,25.341192970225137,983,Grand Canyon,4,2018-04-19
522,DI,523,Gretchen Reinert,25.208249945887346,1916,Santa Clara,2,2018-04-20
523,DI,524,Ashley Slay,25.19416560144712,661,Austin Peay State,4,2018-04-20
524,DI,525,Sam Brinkmann,25.19071227088998,1649,Missouri State,3,2018-04-14
525,DI,526,Mikaela Mosquera,25.19071227088998,1657,Missouri State,3,2018-04-14
526,DI,527,Christina Mcafee,25.161672482542965,42,Tulane,5,2018-04-08
527,DI,528,Sierra Ellett,25.16029880939135,1200,ASU,2,2018-03-10
528,DI,529,Shawnee De Oliveira,25.134973927910853,1227,Cal State Northridge,5,2018-04-21
529,DI,530,Dora Beilin,25.104390537760665,779,Cal Poly SLO,5,2018-03-10
530,DI,531,Cianna Andrews,25.078759702688938,1231,"Cal State University, Sacramento",5,2018-04-14
531,DI,532,Ngozi Nwabuzoh,25.06421285646553,197,Santa Clara,3,2018-04-20
532,DI,533,Jordyn Miller,25.062369558526076,1004,Houston Baptist,4,2018-04-14
533,DI,534,Hayley Sturgeon,24.97608739830276,1967,San Jose State University,3,2018-04-07
534,DI,535,Lauren Sproule,24.928807214386882,99,Utah,5,2018-04-27
535,DI,536,Casey Justice,24.73454795294703,1025,UNF,5,2018-04-22
536,DI,537,Michelle Gajdka,24.695809208794056,204,Santa Clara,5,2018-04-20
537,DI,538,Lainy Thomas,24.672148851145245,749,USC,5,2018-03-24
538,DI,539,Willow Johnson,24.544965328938456,168,Oregon,3,2018-04-26
539,DI,540,Lauren Page,24.544965328938453,167,Oregon,3,2018-04-26
540,DI,541,Nora Buvarp Lavik,24.535853299617006,408,USF,3,2018-04-20
541,DI,542,Kylie Keeling,24.489926098850393,991,Mercer,4,2018-04-21
542,DI,543,Daniella Molinari,24.456222778332744,908,Cal State Northridge,4,2018-04-27
543,DI,544,Gabriella Johnston,24.267288090315954,1880,Texas A&M Corpus Christi,5,2018-04-14
544,DI,545,Anezka Szabo,24.23554579515739,1290,Nebraska,4,2018-02-25
545,DI,546,Chloe Newton,24.207544337770123,1308,Washington,5,2018-03-30
546,DI,547,Courtney Mullinax,24.16137304603655,898,UNC Wilmington,5,2018-04-21
547,DI,548,Erin Reineking,24.155030406726706,201,Santa Clara,5,2018-04-20
548,DI,549,Mikayla Vivens,24.108450317338953,2041,Houston Baptist,5,2018-04-22
549,DI,550,Maxine Walsh,24.06616802925172,1639,New Orleans,5,2018-04-22
550,DI,551,Kim Krutsinger,24.062485122230836,2119,Jacksonville State,5,2018-04-15
551,DI,552,Emily Baptista,24.050293669670538,311,Pacific,4,2018-04-21
552,DI,553,Taylor Odom,24.047035977864596,1914,Santa Clara,3,2018-04-20
553,DI,554,Maya Watkins,24.027137616904326,1215,Boise State,4,2018-04-21
554,DI,555,Meagan Carter,24.0109507886642,1006,Houston Baptist,5,2018-04-14
555,DI,556,Naomi Overstreet,23.95080804004917,609,Texas A&M Corpus Christi,5,2018-04-22
556,DI,557,Erin Indermill,23.910123430157828,227,Cal State Northridge,4,2018-04-27
557,DI,558,Holland Ponthieux,23.90200704986791,602,ULM,5,2018-04-14
558,DI,559,Sabrina Blackwell,23.855347109258055,1499,USF,4,2018-04-20
559,DI,560,Rhyan Rand,23.834251520998745,2003,New Orleans,5,2018-03-25
560,DI,561,Shaylee Befus,23.833477339503048,1263,Jacksonville,4,2018-04-22
561,DI,562,Ashtin Olin,23.800481781854543,1233,"Cal State University, Sacramento",3,2018-04-27
562,DI,563,Phoebe Grace,23.746325400921126,1136,Utah,5,2018-04-15
563,DI,564,Kylee Johnson,23.678288942726237,1220,Boise State,3,2018-04-21
564,DI,565,Abbey Wilson,23.650846589995258,1303,New Mexico,5,2018-04-21
565,DI,566,Kaitlyn Lines,23.576339541907775,1312,Pacific,5,2018-04-14
566,DI,567,Fernanda Vido,23.5575483437384,1968,San Jose State University,1,2018-02-25
567,DI,568,Rebekah Brodbeck,23.527573038142148,1036,Georgia State,4,2018-03-24
568,DI,569,Anna McCreadie,23.498742231963156,1913,Santa Clara,2,2018-04-20
569,DI,570,Cassidy Rosso,23.39754517530196,907,Cal State Northridge,4,2018-04-27
570,DI,571,Kendyl Brennan,23.360542236737732,963,Tulane,5,2018-03-30
571,DI,572,Jessie Wachtman,23.340421748425776,679,Morehead State,1,2018-04-20
572,DI,573,Liz Allen,23.340421748425776,676,Morehead State,1,2018-04-20
573,DI,574,Madison Miller,23.326976411376023,851,New Orleans,3,2018-04-08
574,DI,575,Kat Anderson,23.187531199824306,46,Stanford,5,2018-04-26
575,DI,576,Ally Carr,23.153452743220324,1638,New Orleans,5,2018-04-22
576,DI,577,Tatiana San Juan,22.99442871486726,198,Santa Clara,4,2018-04-11
577,DI,578,Samantha Drechsel,22.812694955555514,2107,Washington,5,2018-04-28
578,DI,579,Caroline Finnell,22.736341874939406,1653,Missouri State,4,2018-04-14
579,DI,580,Aubrey Cheffey,22.706928260815378,1650,Missouri State,2,2018-03-17
580,DI,581,Brie Gathright,22.69420039385664,626,"Cal State University, Sacramento",1,2018-03-10
581,DI,582,Kaitlynn Zdroik,22.678677069255624,428,San Jose State University,4,2018-04-07
582,DI,583,Maddie Gordon,22.672793586292578,458,Georgia State,5,2018-04-15
583,DI,584,Lexi Ham,22.66522408092824,944,Stetson,4,2018-03-24
584,DI,585,Carly Beddingfield,22.624402350149953,332,New Mexico,4,2018-04-21
585,DI,586,Sara Watanabe,22.607529727748503,2110,Arizona,5,2018-04-14
586,DI,587,Emilee Wissmach,22.60033918533788,1288,Mercer,5,2018-04-07
587,DI,588,Marine Hall-Poirier,22.57894363227501,170,Oregon,5,2018-04-26
588,DI,589,Kyra Hanawahine,22.57894363227501,1445,Oregon,5,2018-04-26
589,DI,590,Shelby Holmes,22.27943443855941,1240,Central Arkansas,5,2018-04-22
590,DI,591,Mackenzie Dear,22.279434438559406,360,Central Arkansas,5,2018-04-22
591,DI,592,Hannah Sorensen,22.23887609073958,997,South Carolina,5,2018-02-23
592,DI,593,Alex Kells,22.196512910021966,1374,UAB,4,2018-03-24
593,DI,594,Jess Vastine,22.187260588719372,1211,South Carolina,5,2018-04-22
594,DI,595,Kaylee Taff,22.181365151933328,656,Austin Peay State,5,2018-04-20
595,DI,596,Lela Mcintosh,22.105083720050768,351,Mercer,4,2018-04-21
596,DI,597,Allie Kemp,22.08141299927519,1634,ULM,4,2018-04-14
597,DI,598,Halle Parker,22.064468575112603,1205,ASU,2,2018-04-06
598,DI,599,Shelby Ladewig,22.049279315767652,821,Coastal Carolina,3,2018-04-14
599,DI,600,Emily Nenninger,22.046512453916474,1297,New Mexico,5,2018-04-20
600,DI,601,Jordan Ferrari,21.982554755325317,974,Pepperdine,5,2018-03-11
601,DI,602,Annie Pringle,21.884553429139288,1376,UAB,5,2018-04-21
602,DI,603,Marissa Rogers,21.873586807164934,1028,UNF,5,2018-03-03
603,DI,604,Forfeit 2,21.666252357564666,2114,Jacksonville,5,2018-04-07
604,DI,605,Forfeit 1,21.666252357564666,2113,Jacksonville,5,2018-04-07
605,DI,606,Kyla Manning,21.506414001915186,2077,Coastal Carolina,4,2018-04-14
606,DI,607,Maggie Scott,21.479630135043106,175,Oregon,4,2018-04-26
607,DI,608,Ronika Stone,21.479630135043106,803,Oregon,4,2018-04-26
608,DI,609,Drew Hanneman,21.445295370975256,1219,Boise State,5,2018-03-10
609,DI,610,Cassedi Simon,21.445295370975256,261,Boise State,5,2018-03-10
610,DI,611,Ivy Reynolds,21.431213660414183,1659,Missouri State,5,2018-04-14
611,DI,612,Lynsey Wright,21.431213660414183,1661,Missouri State,5,2018-04-14
612,DI,613,Liz Reich,21.35448850322585,1317,Portland,5,2018-04-20
613,DI,614,Alexa Van Komen,21.322420684508028,1134,Utah,5,2018-04-19
614,DI,615,Olivia Rook,21.08429920424129,1875,Texas A&M Corpus Christi,4,2018-04-20
615,DI,616,Courtney VanLiew,21.051588081197742,1245,FGCU,5,2018-04-22
616,DI,617,Kaity Bailey,21.049410780302306,214,Pepperdine,5,2018-02-28
617,DI,618,Bethany Randall,21.00398113932935,1276,Jacksonville State,4,2018-04-15
618,DI,619,Karlee Reynolds,20.87705178490793,682,Morehead State,3,2018-04-20
619,DI,620,Alyssa Cecil,20.87705178490793,677,Morehead State,3,2018-04-20
620,DI,621,Sam Gott,20.857063162828073,798,FAU,4,2018-03-17
621,DI,622,Ashlan Cunningham,20.83219399637917,296,FAU,5,2018-03-30
622,DI,623,Helene Thelle,20.78043059879612,289,FIU,3,2018-03-16
623,DI,624,Alanya Ryan,20.739572692210736,1244,FGCU,5,2018-04-14
624,DI,625,Brittany Gillingham,20.62754278438546,1911,Santa Clara,5,2018-03-18
625,DI,626,Jenna Krenek,20.604021432062915,1878,Texas A&M Corpus Christi,5,2018-04-22
626,DI,627,Ashley Clingan,20.545451533006375,787,Jacksonville State,5,2018-04-20
627,DI,628,Peyton Boutwell,20.49312960160294,1404,Abilene Christian,5,2018-02-24
628,DI,629,Ashlyn Fleming,20.371276040397582,312,Pacific,5,2018-04-21
629,DI,630,Reagan Evans,20.370635342559332,1921,UNC Wilmington,5,2018-03-24
630,DI,631,Caroline Waite,20.318984634985643,1153,Austin Peay State,3,2018-03-17
631,DI,632,Kassidy Naone,20.20416086868917,1319,Portland,4,2018-04-20
632,DI,633,Peri Green,20.11993426505231,1054,USC,5,2018-03-18
633,DI,634,Kennedy Shelstead,20.095114013306983,1407,Abilene Christian,3,2018-04-22
634,DI,635,Jordan Terral,20.070263519732958,324,TCU,5,2018-04-14
635,DI,636,Hannah Meadows,20.016743523717704,782,"Cal State University, Sacramento",3,2018-04-27
636,DI,637,Brianna Doehrmann,19.987617442247327,98,Utah,3,2018-04-27
637,DI,638,Shelby Babowicz,19.964440471978026,475,Jacksonville,4,2018-04-22
638,DI,639,Mercedes Pacheco,19.96063981004071,2046,New Mexico,4,2018-04-21
639,DI,640,Kayla Walker,19.835030149441536,1876,Texas A&M Corpus Christi,4,2018-04-22
640,DI,641,Olivia Petnicki,19.796843155810997,305,Pacific,5,2018-03-03
641,DI,642,Sarah Stewart,19.751051069720983,1287,Mercer,5,2018-03-17
642,DI,643,Chloe Simon,19.700181786256596,1873,Texas A&M Corpus Christi,4,2018-04-20
643,DI,644,Bethany Salapek,19.629267138956532,1269,Jacksonville,5,2018-04-22
644,DI,645,Maddie Beck,19.57669630003699,1648,Missouri State,3,2018-03-02
645,DI,646,Chloe Stitt,19.565057431980915,1154,Austin Peay State,5,2018-04-20
646,DI,647,Briana Correa,19.463829121323165,32,Tulane,5,2018-04-08
647,DI,648,Jasmine Schmidt,19.321113276592747,1948,Nebraska,5,2018-03-23
648,DI,649,Morgan Esters,19.213506466930752,962,Tulane,5,2018-03-24
649,DI,650,Skye Southwick,19.14522461930131,886,Boise State,5,2018-04-21
650,DI,651,Lauren Walker,19.065768719873667,1411,Abilene Christian,2,2018-04-22
651,DI,652,Brooke Riley,19.065768719873667,1394,Abilene Christian,2,2018-04-22
652,DI,653,Kenna Hanses,19.039099514046512,885,Boise State,5,2018-04-21
653,DI,654,Allie Havers,18.8690945139972,1293,Nebraska,5,2018-03-23
654,DI,655,Laura Leap,18.85151037436664,1505,USF,4,2018-03-03
655,DI,656,Kayla Long,18.786908238834688,1302,New Mexico,5,2018-04-21
656,DI,657,Amy Weiss,18.730578698245008,1397,Abilene Christian,4,2018-04-22
657,DI,658,Sam Bogdan,18.597884836473124,1271,Jacksonville State,3,2018-03-06
658,DI,659,Autumn Otto,18.50366044209346,580,Coastal Carolina,5,2018-04-14
659,DI,660,Kaitlan Krivdo,18.335684052774628,504,FGCU,5,2018-04-22
660,DI,661,Chesney McClellan,18.29754730903541,1291,Nebraska,4,2018-03-23
661,DI,662,Haylie Beck,18.176617054615157,2082,Coastal Carolina,5,2018-04-14
662,DI,663,McKenna Webster,18.11937816810913,1633,ULM,5,2018-03-16
663,DI,664,Jessica Hall,18.10932806875845,680,Morehead State,2,2018-04-20
664,DI,665,Mackenzie Rombach,18.003909362513483,786,Jacksonville State,5,2018-03-24
665,DI,666,Kayla Frear,17.95637567260248,1273,Jacksonville State,5,2018-04-20
666,DI,667,Forfeit 1,17.907822494546398,2121,Santa Clara,5,2018-04-20
667,DI,668,Forfeit 2,17.907822494546398,2122,Santa Clara,5,2018-04-20
668,DI,669,Bailey Smith,17.88144835950446,606,ULM,4,2018-04-14
669,DI,670,Sarah Demmer,17.86313412969163,1651,Missouri State,4,2018-04-14
670,DI,671,Claire Doyle,17.801996183720092,317,TCU,4,2018-03-30
671,DI,672,Trish Koutsoukos,17.608176251231054,413,USF,5,2018-03-10
672,DI,673,Maybeth Sandercox,17.58434133965367,1402,Abilene Christian,5,2018-04-22
673,DI,674,Hayley Densberger,17.51501642265425,1294,Nebraska,4,2018-03-23
674,DI,675,Hannah Manzanares,17.311695240942377,429,Cal State Bakersfield,5,2018-03-24
675,DI,676,Kellie Hughes,17.19846858564361,1318,Portland,5,2018-03-12
676,DI,677,Grace Jarnagin,17.18109902835163,1274,Jacksonville State,4,2018-04-20
677,DI,678,Lexie Rawls,17.16666245613396,1400,Abilene Christian,3,2018-03-10
678,DI,679,Brigitte Murdock,17.09243844491329,620,"Cal State University, Sacramento",5,2018-04-27
679,DI,680,Makenzie Kesler,16.89990404707315,1399,Abilene Christian,4,2018-03-10
680,DI,681,Pi'ikea Clemens,16.82991898083091,1501,USF,5,2018-04-20
681,DI,682,Lauren Rokey,16.694945096038765,1421,Morehead State,4,2018-04-02
682,DI,683,Krista Hernandez,16.479352937779314,1450,Cal State Bakersfield,5,2018-04-14
683,DI,684,Brooke Boiseau,16.466903114369728,1448,Cal State Bakersfield,4,2018-04-21
684,DI,685,Danielle McCarson,16.292126294415695,675,Morehead State,5,2018-04-20
685,DI,686,Maddie Fella,16.292126294415695,684,Morehead State,5,2018-04-20
686,DI,687,Hannah Marchand,15.528779309641493,1264,Jacksonville,5,2018-03-28
687,DI,688,Sydney Wicks,15.327240892481502,893,Cal State Bakersfield,5,2018-04-28
688,DI,689,Ally Barber,15.293945153780935,774,Cal State Bakersfield,5,2018-04-28
689,DI,690,Lauren Naatz,15.205873957351232,274,Portland,4,2018-04-20
690,DI,691,McKenzie Schwan,15.07918723991583,1315,Portland,5,2018-04-20
691,DI,692,Kalin Eske,14.900537185182067,2078,Coastal Carolina,4,2018-04-13
692,DI,693,Aristea Tontai,14.900537185182067,2079,Coastal Carolina,4,2018-04-13
693,DI,694,Sarah Falk,14.714612476486675,1236,"Cal State University, Sacramento",4,2018-03-16
694,DI,695,Jordan Jones,14.060757550222721,674,Morehead State,4,2018-04-20
695,DI,696,Shannon Levinson,13.740326398215862,407,USF,5,2018-04-20
696,DI,697,Tori Reiser,13.210421495700736,471,Jacksonville,5,2018-04-14
697,DI,698,Paris Cosley,13.202385912902319,1398,Abilene Christian,5,2018-04-22
698,DI,699,Sofia Resendiz,11.99530252170313,1405,Abilene Christian,5,2018-04-22
699,DI,700,Maddie Cloutier,7.766238108747856,511,Jacksonville State,5,2018-04-20
